org,auto_feitas_pct,cit_feitas,auto_recebidas_pct,cit_recebidas
AMD,18.236658932714615,21550,7.211538461538461,54496
ASML,35.51600558828889,32926,47.742304237772515,24494
AT&T,13.738347065028368,35077,10.659853562501382,45207
Accenture,10.468354430379746,7900,8.162258191867352,10132
Adobe,19.498098107987946,20243,17.88319514294776,22071
Amazon,28.97226956398239,112656,27.313199273634087,119499
Apple,13.696820363932716,314124,49.08167921514944,87660
Applied Materials,33.94625686565658,138734,39.93843231370687,117919
BOE,6.974459724950884,2036,23.24058919803601,611
Baidu,4.743519029233315,3626,9.868043602983361,1743
Bank of America,4.823923979877026,17890,18.22212837837838,4736
BlackBerry,13.321523472099203,11290,10.97890356960362,13699
Boeing,17.799775868509528,5354,13.831640058055154,6890
Bosch,6.029882604055496,3748,3.7006713607335846,6107
Broadcom,10.217927631578947,14592,17.892715708628344,8333
Canon,30.485076823453227,33974,16.887330833197456,61330
Capital One,15.627148610156175,10181,31.511190334719746,5049
Cisco,17.015364498202025,30590,16.810929526516375,30962
Dell,14.050069338004526,13701,17.28007181328546,11140
Denso,19.260989594393717,4709,10.327943520838078,8782
EMC,29.237817576009995,9604,13.629083143231568,20603
ETRI,9.187716691431403,4038,6.297742318791377,5891
Ericsson,8.342541436464089,3620,3.443164975487402,8771
Ford,8.5675353432124,5871,9.21582997434958,5458
Fujifilm,12.97071129707113,10516,9.131075110456553,14938
Fujitsu,11.289894792679691,22622,4.146642421093649,61592
GE,17.780398322851156,15264,11.307862172409482,24001
General Motors,12.286293827875978,3451,6.196112816016367,6843
GlobalFoundries,8.688151807417862,12753,11.162603264154745,9926
Google,11.76485655737705,117120,13.423806090836468,102646
HP,13.537798560491451,21813,4.575669770829137,64537
Hitachi,21.59412975113561,25757,7.40730875772427,75088
Hon Hai,14.795171909290417,5468,16.29734085414988,4964
Honda,8.44537019503882,5281,4.488276139679984,9937
Honeywell,8.714658393851794,14183,12.433356805150387,9941
Huawei,4.396361631753032,7256,11.969981238273922,2665
IBM,24.037759056931645,242273,14.99635629511177,388341
Infineon,10.549859268194613,19896,10.737671373030489,19548
Intel,25.692743174115584,78781,15.958654619423815,126834
Kioxia,12.925356750823273,7288,54.41941074523397,1731
LG Electronics,12.975570684821786,4994,7.809110629067245,8298
Lam Research,16.69924812030075,26600,20.442726310460674,21729
Meta,13.837497615868777,41944,29.67735337730736,19557
Micron,34.44359673024523,229375,49.68961678522236,158997
Microsoft,18.158405179404344,154149,14.064839659521441,199014
Mitsubishi Electric,14.546117389719285,10972,3.8277052954719877,41696
Motorola,16.5100495954059,7662,2.3449809991658173,53945
NEC,9.683384701597086,17845,3.350525458564393,51574
NVIDIA,18.904306220095695,20900,22.650920139884196,17443
Nikon,47.82271534240038,33528,45.73042039815184,35062
Nokia,7.296553955670603,6181,2.538128200799145,17769
Oracle,15.203885332240057,31709,18.96985913276147,25414
Panasonic,8.165249088699879,12345,5.431619786614937,18558
Philips,11.08324375970381,8373,3.4549516008935224,26860
Qualcomm,8.065739570164348,23730,7.58410270634386,25237
Red Hat,13.396946564885495,7860,21.69344870210136,4854
Renesas,13.05879552487503,21005,16.001633415004083,17142
Ricoh,22.80143579703051,12258,16.672631830112145,16764
SAP,20.2242391884677,18730,21.49951756626369,17619
SK Hynix,14.31401684001981,16152,8.998910166588821,25692
STATS ChipPAC,9.90733784122214,19965,15.578483106245569,12697
STMicroelectronics,8.905237729219282,9107,6.54243304291707,12396
Salesforce,7.0376195008897895,48326,55.30980647259717,6149
Samsung,14.13333571358439,112033,15.477098117412469,102306
SanDisk,38.060142671343556,25373,37.672622298509786,25634
Seiko Epson,13.130029648454045,9444,6.58069309557926,18843
Semiconductor Energy Lab,50.89592070148685,44591,74.11096234856154,30623
Sharp,7.78169014084507,8520,2.439742410303588,27175
Shin-Etsu,44.269190325972666,6657,35.45476419634264,8312
Siemens,15.620291310899045,13937,5.90228825506995,36884
Snap,23.0773877846916,82765,88.03060330921325,21697
Sony,13.942084344190366,38746,9.151899163080676,59026
Sumitomo Electric,11.681162611471981,9083,2.8979569540041514,36612
TSMC,40.70609579100145,137800,52.05025657204896,107767
Tencent,6.079340546110252,5823,9.770908087220535,3623
Texas Instruments,18.234165067178505,17714,6.575465168356337,49122
Tokyo Electron,28.07097131911891,19839,10.76072884663691,51753
Toshiba,23.139876100423866,30670,9.241246402854278,76797
Toyota,10.3512419301893,9139,12.773426951120712,7406
VMware,19.37026298387507,19659,24.57884205770348,15493
Verizon,2.705781828538878,7022,2.4265644955300125,7830
Winbond,10.589299380783414,14373,7.8896894925094605,19291
Xerox,30.334994783818246,8627,6.551016321217583,39948
