org,camada,feitas,cruz_feitas_pct,recebidas,cruz_recebidas_pct
AMD,Chips & Hardware,17686.0,3.991857966753364,49494.0,3.7257041257526167
AMD,Cloud & Compute,885.0,47.2316384180791,1426.0,41.935483870967744
AMD,Infra Física,2577.0,28.52153667054715,3615.0,38.118948824343015
AMD,Modelos de IA,317.0,67.50788643533123,76.0,68.42105263157895
AMD,Software & Aplicação,1901.0,23.776959495002632,2289.0,40.49803407601573
AMD,Total,23366.0,10.806299751776086,56900.0,8.434094903339192
ASML,Chips & Hardware,33263.0,2.248744851636954,25016.0,3.553725615606012
ASML,Infra Física,29.0,82.75862068965517,4.0,75.0
ASML,Modelos de IA,308.0,87.01298701298701,139.0,70.50359712230215
ASML,Software & Aplicação,748.0,75.66844919786097,173.0,76.30057803468208
ASML,Total,34348.0,4.675672528240363,25332.0,4.429180483183325
AT&T,Chips & Hardware,41.0,43.90243902439025,1601.0,2.12367270455965
AT&T,Cloud & Compute,15143.0,33.10440467542759,18484.0,37.02120753083748
AT&T,Infra Física,4034.0,59.271194843827466,1568.0,29.209183673469386
AT&T,Modelos de IA,1518.0,74.30830039525692,1406.0,60.88193456614509
AT&T,Software & Aplicação,19779.0,17.928105566509934,30885.0,21.246559818682208
AT&T,Total,40515.0,29.855609033691227,53944.0,27.348732018389445
Accenture,Chips & Hardware,17.0,88.23529411764706,27.0,96.29629629629629
Accenture,Cloud & Compute,1793.0,40.88120468488567,1852.0,36.285097192224626
Accenture,Infra Física,202.0,60.396039603960396,277.0,61.01083032490975
Accenture,Modelos de IA,2108.0,66.74573055028463,2253.0,55.57035064358633
Accenture,Software & Aplicação,6723.0,25.59869106053845,10127.0,35.07455317468155
Accenture,Total,10843.0,36.87171447016509,14536.0,39.01348376444689
Adobe,Chips & Hardware,37.0,89.1891891891892,10.0,60.0
Adobe,Cloud & Compute,1894.0,42.23864836325237,2299.0,38.53849499782514
Adobe,Infra Física,21.0,85.71428571428571,81.0,88.88888888888889
Adobe,Modelos de IA,3893.0,67.30028255843821,4166.0,62.9140662506001
Adobe,Software & Aplicação,20526.0,14.104063139432915,23318.0,21.88438116476542
Adobe,Total,26371.0,24.140153956998216,29874.0,29.08214500903796
Amazon,Chips & Hardware,1647.0,65.08803885853067,1539.0,69.85055230669266
Amazon,Cloud & Compute,89022.0,13.896564894071128,60608.0,26.372756071805703
Amazon,Infra Física,4107.0,34.67251034818602,5334.0,51.25609298837646
Amazon,Modelos de IA,6531.0,68.41218802633594,13799.0,62.21465323574172
Amazon,Software & Aplicação,30513.0,25.235145675613673,82369.0,27.85271157838507
Amazon,Total,131820.0,20.50902746169018,163649.0,31.359800548735407
Apple,Chips & Hardware,8766.0,21.822952315765455,2489.0,23.42306147047007
Apple,Cloud & Compute,39027.0,72.70095062392703,13916.0,44.59614831848232
Apple,Infra Física,22705.0,47.71195771856419,9969.0,34.40666064800883
Apple,Modelos de IA,30735.0,92.15226939970718,9849.0,81.33820692456088
Apple,Software & Aplicação,295601.0,15.751299894114027,78790.0,22.138596268562
Apple,Total,396834.0,29.232122247589672,115013.0,31.01649378765879
Applied Materials,Chips & Hardware,137320.0,0.7602679871832216,117227.0,1.1285795934383718
Applied Materials,Cloud & Compute,274.0,93.43065693430657,52.0,63.46153846153846
Applied Materials,Infra Física,152.0,87.5,51.0,66.66666666666666
Applied Materials,Modelos de IA,491.0,78.00407331975559,161.0,48.4472049689441
Applied Materials,Software & Aplicação,1523.0,47.60341431385424,1351.0,48.63064396743153
Applied Materials,Total,139760.0,1.8181167716084716,118842.0,1.7880883862607495
BOE,Chips & Hardware,578.0,4.325259515570934,95.0,5.263157894736842
BOE,Cloud & Compute,111.0,27.027027027027028,13.0,84.61538461538461
BOE,Infra Física,159.0,18.867924528301888,65.0,50.76923076923077
BOE,Modelos de IA,242.0,73.55371900826447,151.0,59.60264900662252
BOE,Software & Aplicação,1403.0,14.682822523164646,526.0,18.44106463878327
BOE,Total,2493.0,18.812675491375852,850.0,27.764705882352942
Baidu,Chips & Hardware,179.0,66.4804469273743,77.0,74.02597402597402
Baidu,Cloud & Compute,415.0,44.81927710843374,126.0,77.77777777777779
Baidu,Infra Física,1152.0,28.038194444444443,480.0,15.625
Baidu,Modelos de IA,1278.0,68.15336463223787,969.0,59.339525283797734
Baidu,Software & Aplicação,2665.0,24.652908067542214,1675.0,41.19402985074627
Baidu,Total,5689.0,37.897697310599405,3327.0,44.93537721671175
Bank of America,Chips & Hardware,103.0,94.1747572815534,4.0,75.0
Bank of America,Cloud & Compute,7773.0,57.468159011964495,1635.0,61.52905198776758
Bank of America,Infra Física,91.0,80.21978021978022,36.0,91.66666666666666
Bank of America,Modelos de IA,7467.0,70.44328378197402,1018.0,58.84086444007859
Bank of America,Software & Aplicação,11464.0,32.10921144452198,4389.0,40.852130325814535
Bank of America,Total,26898.0,50.47958956056212,7082.0,48.489127365151084
Base total,Chips & Hardware,2394764.0,5.244274592402425,2432491.0,6.713899455332004
Base total,Cloud & Compute,1544938.0,40.44324108799188,1475317.0,37.632725712507884
Base total,Infra Física,714461.0,28.19552081919097,698490.0,26.553708714512737
Base total,Modelos de IA,576743.0,73.82352278224444,410540.0,63.22623861255907
Base total,Software & Aplicação,2997938.0,22.10209150422724,3212006.0,27.29369123220816
Base total,Total,8228844.0,24.79371343046484,8228844.0,24.79371343046484
BlackBerry,Chips & Hardware,53.0,30.18867924528302,43.0,46.51162790697674
BlackBerry,Cloud & Compute,6668.0,42.44151169766047,9663.0,37.20376694608299
BlackBerry,Infra Física,1118.0,4.83005366726297,1297.0,9.252120277563607
BlackBerry,Modelos de IA,115.0,77.39130434782608,39.0,58.97435897435898
BlackBerry,Software & Aplicação,6144.0,25.797526041666668,8353.0,42.27223751945409
BlackBerry,Total,14098.0,32.444318343027376,19395.0,37.58185099252385
Boeing,Chips & Hardware,202.0,12.376237623762377,361.0,22.437673130193904
Boeing,Cloud & Compute,942.0,42.35668789808918,1648.0,54.36893203883495
Boeing,Infra Física,685.0,18.394160583941606,1105.0,12.39819004524887
Boeing,Modelos de IA,504.0,63.49206349206349,877.0,72.63397947548461
Boeing,Software & Aplicação,3754.0,12.466702184336707,4619.0,26.953886122537345
Boeing,Total,6087.0,21.981271562345984,8610.0,34.796747967479675
Bosch,Chips & Hardware,593.0,9.106239460370995,1032.0,13.178294573643413
Bosch,Cloud & Compute,238.0,42.857142857142854,442.0,50.90497737556561
Bosch,Infra Física,1272.0,8.569182389937106,1967.0,23.33502796136248
Bosch,Modelos de IA,572.0,56.81818181818182,339.0,73.45132743362832
Bosch,Software & Aplicação,1850.0,18.37837837837838,3993.0,22.68970698722765
Bosch,Total,4525.0,20.552486187845304,7773.0,25.40846520005146
Broadcom,Chips & Hardware,8100.0,2.9135802469135803,3548.0,7.5535512965050735
Broadcom,Cloud & Compute,1829.0,31.219245489338437,2046.0,33.67546432062561
Broadcom,Infra Física,1079.0,31.788693234476366,2162.0,29.92599444958372
Broadcom,Modelos de IA,51.0,76.47058823529412,14.0,64.28571428571429
Broadcom,Software & Aplicação,4587.0,9.984739481142359,1929.0,24.779678589942975
Broadcom,Total,15646.0,10.52665217947079,9699.0,21.558923600371173
Canon,Chips & Hardware,12890.0,2.2032583397982934,25222.0,4.504004440567758
Canon,Cloud & Compute,1733.0,32.4870167339873,1890.0,38.042328042328045
Canon,Infra Física,1574.0,14.866581956797967,4544.0,8.912852112676056
Canon,Modelos de IA,1029.0,70.55393586005832,1077.0,59.610027855153206
Canon,Software & Aplicação,18896.0,7.244919559695173,33312.0,14.91954851104707
Canon,Total,36122.0,8.792425668567631,66045.0,11.919146036793096
Capital One,Chips & Hardware,606.0,93.3993399339934,391.0,96.9309462915601
Capital One,Cloud & Compute,3077.0,51.18622034449138,1682.0,64.26872770511297
Capital One,Infra Física,277.0,52.34657039711191,69.0,14.492753623188406
Capital One,Modelos de IA,5215.0,68.7248322147651,3346.0,55.319784817692764
Capital One,Software & Aplicação,8066.0,27.733696999752045,5038.0,41.36562127828503
Capital One,Total,17241.0,47.02163447595847,10526.0,51.34904047121414
Cisco,Chips & Hardware,715.0,23.216783216783217,366.0,40.43715846994536
Cisco,Cloud & Compute,26127.0,19.38990316530792,28181.0,21.1915829814414
Cisco,Infra Física,2628.0,29.794520547945208,1515.0,22.046204620462046
Cisco,Modelos de IA,6503.0,81.23942795632784,2473.0,56.611403154063886
Cisco,Software & Aplicação,8552.0,64.93217960710945,5794.0,42.57852951328961
Cisco,Total,44525.0,37.84615384615385,38329.0,26.92739179211563
Dell,Chips & Hardware,711.0,45.0070323488045,1052.0,49.80988593155893
Dell,Cloud & Compute,4124.0,27.061105722599414,1841.0,25.475285171102662
Dell,Infra Física,8065.0,19.77681339119653,8620.0,22.40139211136891
Dell,Modelos de IA,1207.0,67.77133388566693,275.0,58.909090909090914
Dell,Software & Aplicação,2675.0,35.88785046728972,1920.0,33.07291666666667
Dell,Total,16782.0,28.655702538434035,13708.0,27.144733002626204
Denso,Chips & Hardware,2254.0,12.244897959183673,5038.0,14.132592298531163
Denso,Cloud & Compute,160.0,23.125,243.0,61.31687242798354
Denso,Infra Física,1718.0,22.875436554132715,2703.0,16.75915649278579
Denso,Modelos de IA,104.0,56.730769230769226,117.0,55.55555555555556
Denso,Software & Aplicação,1134.0,8.73015873015873,1952.0,17.366803278688526
Denso,Total,5370.0,16.089385474860336,10053.0,17.089426041977518
EMC,Chips & Hardware,186.0,40.86021505376344,181.0,29.83425414364641
EMC,Cloud & Compute,8044.0,17.715067130780707,18571.0,24.69980076463303
EMC,Infra Física,767.0,48.37027379400261,1717.0,48.398369248689576
EMC,Modelos de IA,1377.0,70.1525054466231,1670.0,61.07784431137725
EMC,Software & Aplicação,1438.0,42.35048678720445,2974.0,53.665097511768664
EMC,Total,11812.0,29.182187605824584,25113.0,32.20642695018516
ETRI,Chips & Hardware,778.0,19.02313624678663,1869.0,8.346709470304976
ETRI,Cloud & Compute,679.0,24.742268041237114,1227.0,37.489812550937245
ETRI,Infra Física,373.0,17.426273458445042,323.0,24.76780185758514
ETRI,Modelos de IA,909.0,57.755775577557756,348.0,51.14942528735632
ETRI,Software & Aplicação,2539.0,15.281606931862937,3235.0,17.279752704791346
ETRI,Total,5278.0,24.51686244789693,7002.0,20.46558126249643
Ericsson,Chips & Hardware,248.0,9.67741935483871,722.0,15.512465373961218
Ericsson,Cloud & Compute,2224.0,17.67086330935252,5588.0,28.25697924123121
Ericsson,Infra Física,353.0,29.745042492917843,1104.0,12.047101449275361
Ericsson,Modelos de IA,180.0,55.55555555555556,232.0,20.689655172413794
Ericsson,Software & Aplicação,1025.0,11.219512195121952,2297.0,25.729212015672616
Ericsson,Total,4030.0,18.287841191067,9943.0,24.771195816152066
Ford,Chips & Hardware,187.0,35.294117647058826,324.0,18.51851851851852
Ford,Cloud & Compute,729.0,52.674897119341566,617.0,50.405186385737444
Ford,Infra Física,1892.0,17.33615221987315,1489.0,17.327065144392208
Ford,Modelos de IA,845.0,78.46153846153847,1000.0,75.6
Ford,Software & Aplicação,3680.0,18.505434782608695,3865.0,28.33117723156533
Ford,Total,7333.0,28.93767898540843,7295.0,33.99588759424263
Fujifilm,Chips & Hardware,3214.0,0.7156191661481021,2624.0,6.478658536585366
Fujifilm,Cloud & Compute,437.0,41.18993135011442,829.0,44.02895054282268
Fujifilm,Infra Física,84.0,34.523809523809526,179.0,60.893854748603346
Fujifilm,Modelos de IA,309.0,66.99029126213593,250.0,62.8
Fujifilm,Software & Aplicação,7206.0,7.466000555092977,12911.0,16.14902021532027
Fujifilm,Total,11250.0,8.684444444444445,16793.0,17.18573215030072
Fujitsu,Chips & Hardware,11396.0,4.027729027729028,33294.0,6.475641256682886
Fujitsu,Cloud & Compute,2318.0,27.95513373597929,4733.0,29.36826537080076
Fujitsu,Infra Física,3614.0,28.998339789706694,6233.0,24.659072677683298
Fujitsu,Modelos de IA,827.0,61.18500604594922,1494.0,69.74564926372156
Fujitsu,Software & Aplicação,6825.0,9.289377289377288,21409.0,19.160166285207154
Fujitsu,Total,24980.0,13.190552441953562,67163.0,15.227133987463334
GE,Chips & Hardware,2369.0,13.761080624736174,4058.0,12.814194184327254
GE,Cloud & Compute,921.0,58.52334419109664,1342.0,60.28315946348734
GE,Infra Física,6300.0,14.6984126984127,6627.0,19.58653991247925
GE,Modelos de IA,825.0,64.48484848484848,1411.0,58.18568391211907
GE,Software & Aplicação,7203.0,15.41024573094544,14748.0,20.457011120151886
GE,Total,17618.0,19.48575320694744,28186.0,22.936919037820193
General Motors,Chips & Hardware,169.0,31.360946745562128,292.0,54.45205479452054
General Motors,Cloud & Compute,340.0,47.94117647058824,1559.0,58.370750481077614
General Motors,Infra Física,860.0,14.883720930232558,1996.0,15.881763527054108
General Motors,Modelos de IA,344.0,67.15116279069767,561.0,58.46702317290553
General Motors,Software & Aplicação,2384.0,16.946308724832214,4519.0,28.723168842664304
General Motors,Total,4097.0,23.895533317061265,8927.0,33.74033829954072
GlobalFoundries,Chips & Hardware,12372.0,0.9537665696734562,9543.0,1.4775227915749765
GlobalFoundries,Cloud & Compute,128.0,21.09375,198.0,41.91919191919192
GlobalFoundries,Infra Física,250.0,60.8,296.0,50.33783783783784
GlobalFoundries,Modelos de IA,52.0,76.92307692307693,37.0,86.48648648648648
GlobalFoundries,Software & Aplicação,201.0,39.800995024875625,124.0,66.93548387096774
GlobalFoundries,Total,13003.0,3.206952241790356,10198.0,4.785252010198078
Google,Chips & Hardware,27795.0,49.0304011512862,3760.0,63.61702127659574
Google,Cloud & Compute,22657.0,51.03941386767886,25750.0,54.1747572815534
Google,Infra Física,11984.0,53.46295060080107,3977.0,45.71284888106613
Google,Modelos de IA,12623.0,68.24843539570625,18480.0,61.358225108225106
Google,Software & Aplicação,85780.0,20.938447190487295,100551.0,29.838589372557212
Google,Total,160839.0,36.16971008275356,152518.0,39.013100093103766
HP,Chips & Hardware,4778.0,15.759732105483465,12021.0,19.948423592047252
HP,Cloud & Compute,5189.0,24.744652148776257,22656.0,28.30596751412429
HP,Infra Física,5467.0,24.748490945674046,14561.0,25.939152530732777
HP,Modelos de IA,434.0,63.36405529953917,1379.0,64.90210297316897
HP,Software & Aplicação,8503.0,11.537104551334822,26378.0,24.126165744180756
HP,Total,24371.0,19.06364121291699,76995.0,25.77699850639652
Hitachi,Chips & Hardware,13986.0,6.413556413556414,41569.0,8.352377973970988
Hitachi,Cloud & Compute,3214.0,14.62352209085252,8337.0,19.539402662828355
Hitachi,Infra Física,4687.0,22.55173885214423,11930.0,23.788767812238053
Hitachi,Modelos de IA,591.0,59.390862944162436,1770.0,63.84180790960452
Hitachi,Software & Aplicação,6191.0,14.860281053141659,19777.0,19.679425595388583
Hitachi,Total,28669.0,12.888485820921552,83383.0,15.543935814254702
Hon Hai,Chips & Hardware,2373.0,15.760640539401601,2894.0,24.464409122322046
Hon Hai,Cloud & Compute,37.0,32.432432432432435,11.0,54.54545454545454
Hon Hai,Infra Física,3130.0,22.460063897763575,2484.0,17.47181964573269
Hon Hai,Modelos de IA,99.0,56.56565656565656,3.0,33.33333333333333
Hon Hai,Software & Aplicação,798.0,15.914786967418545,442.0,11.990950226244344
Hon Hai,Total,6437.0,19.76075811713531,5834.0,20.603359616043882
Honda,Chips & Hardware,165.0,14.545454545454545,336.0,25.0
Honda,Cloud & Compute,360.0,55.833333333333336,192.0,38.54166666666667
Honda,Infra Física,1379.0,15.228426395939088,2235.0,19.910514541387027
Honda,Modelos de IA,417.0,64.02877697841727,740.0,68.24324324324324
Honda,Software & Aplicação,3823.0,16.060685325660476,7965.0,16.396735718769616
Honda,Total,6144.0,21.419270833333336,11468.0,21.049877921171955
Honeywell,Chips & Hardware,4262.0,5.021116846550915,2806.0,16.32216678545973
Honeywell,Cloud & Compute,2490.0,61.88755020080321,1345.0,35.46468401486989
Honeywell,Infra Física,1982.0,47.67911200807266,1451.0,37.422467263955895
Honeywell,Modelos de IA,748.0,84.75935828877004,750.0,71.06666666666666
Honeywell,Software & Aplicação,7430.0,21.35935397039031,5469.0,28.359846407021394
Honeywell,Total,16912.0,29.0976821192053,11821.0,30.132814482700276
Huawei,Chips & Hardware,837.0,23.536439665471924,199.0,48.743718592964825
Huawei,Cloud & Compute,3221.0,25.52002483700714,1739.0,25.81943645773433
Huawei,Infra Física,1987.0,26.321087065928534,483.0,32.71221532091098
Huawei,Modelos de IA,709.0,60.225669957686875,334.0,51.49700598802395
Huawei,Software & Aplicação,2965.0,24.654300168634062,856.0,28.154205607476634
Huawei,Total,9719.0,27.780635867887643,3611.0,30.93325948490723
IBM,Chips & Hardware,92733.0,7.461205827483204,140114.0,8.16263899396206
IBM,Cloud & Compute,64816.0,28.201370032090843,105035.0,34.5084971676108
IBM,Infra Física,24644.0,34.53173186171076,30576.0,30.945839874411302
IBM,Modelos de IA,30280.0,66.37054161162483,24114.0,61.63224682756905
IBM,Software & Aplicação,82858.0,24.09061285572908,168890.0,29.30546509562437
IBM,Total,295331.0,24.977398241295358,468729.0,25.921374610915905
Infineon,Chips & Hardware,19362.0,1.6733808490858382,19326.0,5.18989961709614
Infineon,Cloud & Compute,46.0,23.91304347826087,24.0,25.0
Infineon,Infra Física,493.0,47.66734279918864,551.0,28.49364791288566
Infineon,Modelos de IA,100.0,81.0,23.0,43.47826086956522
Infineon,Software & Aplicação,327.0,39.75535168195719,291.0,20.962199312714777
Infineon,Total,20328.0,3.8419913419913416,20215.0,6.119218402176601
Intel,Chips & Hardware,43180.0,16.109309865678554,70089.0,12.817988557405585
Intel,Cloud & Compute,18143.0,48.5035550901174,22869.0,35.440989986444535
Intel,Infra Física,24142.0,34.41305608483141,30023.0,37.64447257102888
Intel,Modelos de IA,7927.0,68.27299104326984,5225.0,67.86602870813397
Intel,Software & Aplicação,21094.0,37.87332890869442,34175.0,35.54059985369422
Intel,Total,114486.0,32.72452526946526,162381.0,27.147880601794544
Kioxia,Chips & Hardware,6610.0,3.5552193645990924,1609.0,7.64449968924798
Kioxia,Cloud & Compute,71.0,35.2112676056338,9.0,33.33333333333333
Kioxia,Infra Física,816.0,47.05882352941176,237.0,30.801687763713083
Kioxia,Modelos de IA,70.0,47.14285714285714,42.0,45.23809523809524
Kioxia,Software & Aplicação,84.0,29.761904761904763,27.0,55.55555555555556
Kioxia,Total,7651.0,9.17527120637825,1924.0,12.11018711018711
LG Electronics,Chips & Hardware,300.0,18.333333333333332,676.0,18.786982248520708
LG Electronics,Cloud & Compute,984.0,36.077235772357724,1261.0,26.96272799365583
LG Electronics,Infra Física,1304.0,14.18711656441718,2828.0,14.497878359264499
LG Electronics,Modelos de IA,492.0,75.40650406504065,413.0,70.46004842615012
LG Electronics,Software & Aplicação,2901.0,16.92519820751465,4428.0,18.56368563685637
LG Electronics,Total,5981.0,24.36047483698378,9606.0,20.716219029773058
Lam Research,Chips & Hardware,26549.0,0.20716411164262305,21667.0,0.9646005446070061
Lam Research,Cloud & Compute,39.0,84.61538461538461,9.0,55.55555555555556
Lam Research,Infra Física,27.0,96.29629629629629,30.0,13.333333333333334
Lam Research,Modelos de IA,28.0,92.85714285714286,0.0,0.0
Lam Research,Software & Aplicação,68.0,91.17647058823529,154.0,62.98701298701299
Lam Research,Total,26711.0,0.7562427464340534,21860.0,1.4409881061299177
Meta,Chips & Hardware,400.0,31.5,313.0,55.59105431309904
Meta,Cloud & Compute,24566.0,62.973215012619065,14194.0,64.16091306185713
Meta,Infra Física,684.0,25.438596491228072,708.0,35.02824858757062
Meta,Modelos de IA,9668.0,81.2784443525031,5933.0,64.62160795550311
Meta,Software & Aplicação,40513.0,34.95174388467899,22397.0,42.34049203018262
Meta,Total,75831.0,49.8318629584207,43545.0,52.465265816970955
Micron,Chips & Hardware,223960.0,2.6826218967672797,157658.0,3.550089434091515
Micron,Cloud & Compute,2521.0,62.157873859579524,957.0,47.02194357366771
Micron,Infra Física,7572.0,75.48864236661385,2776.0,57.70893371757925
Micron,Modelos de IA,3387.0,66.63714201358134,1426.0,54.27769985974754
Micron,Software & Aplicação,2274.0,37.86279683377309,2865.0,41.81500872600349
Micron,Total,239714.0,6.845240578355874,165682.0,5.806907207783586
Microsoft,Chips & Hardware,1794.0,58.97435897435898,1605.0,69.59501557632399
Microsoft,Cloud & Compute,42200.0,41.161137440758296,65426.0,37.133555467245436
Microsoft,Infra Física,9796.0,45.71253572886892,7454.0,41.0920311242286
Microsoft,Modelos de IA,12802.0,74.0977972191845,14641.0,68.0896113653439
Microsoft,Software & Aplicação,121590.0,17.05238917674151,163463.0,26.13190752647388
Microsoft,Total,188182.0,28.23118045296575,252589.0,32.131248787556075
Mitsubishi Electric,Chips & Hardware,6646.0,4.679506470057177,26857.0,6.020776706259076
Mitsubishi Electric,Cloud & Compute,268.0,37.3134328358209,788.0,32.86802030456853
Mitsubishi Electric,Infra Física,1687.0,24.303497332542975,3860.0,19.844559585492227
Mitsubishi Electric,Modelos de IA,423.0,59.10165484633569,1892.0,64.37632135306553
Mitsubishi Electric,Software & Aplicação,2968.0,8.62533692722372,12311.0,17.935179920396394
Mitsubishi Electric,Total,11992.0,11.0657104736491,45708.0,13.275575391616348
Motorola,Chips & Hardware,4037.0,2.6504830319544217,32401.0,3.481374031665689
Motorola,Cloud & Compute,696.0,35.3448275862069,8935.0,39.1494124230554
Motorola,Infra Física,1086.0,11.141804788213628,6230.0,13.563402889245586
Motorola,Modelos de IA,272.0,58.82352941176471,1159.0,78.25711820534944
Motorola,Software & Aplicação,2149.0,16.938110749185668,10048.0,34.394904458598724
Motorola,Total,8240.0,12.111650485436893,58773.0,16.732172936552498
NEC,Chips & Hardware,9181.0,2.200196057074393,35907.0,3.603754142646281
NEC,Cloud & Compute,1253.0,26.41660015961692,3223.0,35.83617747440273
NEC,Infra Física,1042.0,23.99232245681382,2663.0,23.95794217048442
NEC,Modelos de IA,977.0,60.49129989764586,1001.0,56.14385614385614
NEC,Software & Aplicação,6996.0,10.43453401943968,12436.0,16.42811193309746
NEC,Total,19449.0,10.818036917065145,55230.0,10.305993119681332
NVIDIA,Chips & Hardware,1861.0,54.32563138097797,3406.0,71.5208455666471
NVIDIA,Cloud & Compute,1971.0,62.91222729578894,1588.0,60.70528967254408
NVIDIA,Infra Física,3204.0,42.22846441947566,1973.0,45.21033958438925
NVIDIA,Modelos de IA,3341.0,67.97366058066447,4054.0,69.53626048347311
NVIDIA,Software & Aplicação,17347.0,15.23029918717934,17880.0,29.30648769574944
NVIDIA,Total,27724.0,30.720675227239937,28901.0,42.735545482855265
Nikon,Chips & Hardware,32538.0,0.2735263384350606,34125.0,1.728937728937729
Nikon,Cloud & Compute,2.0,50.0,2.0,100.0
Nikon,Infra Física,26.0,61.53846153846154,92.0,14.130434782608695
Nikon,Modelos de IA,15.0,46.666666666666664,12.0,58.333333333333336
Nikon,Software & Aplicação,1024.0,7.71484375,1063.0,21.54280338664158
Nikon,Total,33605.0,0.5713435500669544,35294.0,2.3828412761375874
Nokia,Chips & Hardware,168.0,26.785714285714285,532.0,14.473684210526317
Nokia,Cloud & Compute,3398.0,26.339022954679226,10870.0,31.904323827046916
Nokia,Infra Física,547.0,13.528336380255942,1306.0,16.84532924961715
Nokia,Modelos de IA,215.0,51.627906976744185,305.0,61.63934426229508
Nokia,Software & Aplicação,2576.0,17.97360248447205,8619.0,30.73442394709363
Nokia,Total,6904.0,23.001158748551564,21632.0,30.519600591715978
Oracle,Chips & Hardware,755.0,21.986754966887418,788.0,41.11675126903553
Oracle,Cloud & Compute,20577.0,27.33634640618166,17227.0,27.427874847622917
Oracle,Infra Física,1000.0,53.6,1205.0,43.23651452282158
Oracle,Modelos de IA,4009.0,64.33025692192567,2180.0,58.1651376146789
Oracle,Software & Aplicação,14222.0,34.03881310645479,12646.0,42.61426538035742
Oracle,Total,40563.0,33.89049133446737,34046.0,35.913176290900545
Panasonic,Chips & Hardware,4523.0,3.8691134202962636,9201.0,3.5213563743071408
Panasonic,Cloud & Compute,947.0,32.418162618796195,1232.0,34.98376623376623
Panasonic,Infra Física,2792.0,16.977077363896846,3559.0,12.475414442259062
Panasonic,Modelos de IA,407.0,63.14496314496314,209.0,60.76555023923444
Panasonic,Software & Aplicação,4939.0,11.58129175946548,6107.0,20.77943343703946
Panasonic,Total,13608.0,13.117283950617283,20308.0,12.778215481583613
Philips,Chips & Hardware,1476.0,3.9295392953929538,4390.0,7.835990888382688
Philips,Cloud & Compute,332.0,35.54216867469879,1662.0,41.335740072202164
Philips,Infra Física,559.0,4.293381037567084,2742.0,7.549234135667396
Philips,Modelos de IA,406.0,61.083743842364534,1061.0,66.91800188501414
Philips,Software & Aplicação,6180.0,4.805825242718447,19728.0,13.863544201135442
Philips,Total,8953.0,8.321233106221378,29583.0,15.830037521549539
Qualcomm,Chips & Hardware,8174.0,6.777587472473696,5864.0,16.064120054570257
Qualcomm,Cloud & Compute,4504.0,32.682060390763766,5140.0,30.642023346303503
Qualcomm,Infra Física,5349.0,25.574873808188446,8438.0,18.428537568144108
Qualcomm,Modelos de IA,1740.0,59.195402298850574,2255.0,58.270509977827054
Qualcomm,Software & Aplicação,7999.0,12.739092386548318,9664.0,20.985099337748345
Qualcomm,Total,27766.0,19.60311171936901,31361.0,23.64082777972641
Red Hat,Chips & Hardware,23.0,82.6086956521739,6.0,100.0
Red Hat,Cloud & Compute,7395.0,14.766734279918865,4832.0,17.446192052980134
Red Hat,Infra Física,318.0,68.23899371069182,173.0,84.39306358381504
Red Hat,Modelos de IA,292.0,61.3013698630137,91.0,48.35164835164835
Red Hat,Software & Aplicação,1058.0,42.911153119092624,627.0,60.60606060606061
Red Hat,Total,9086.0,21.58265463350209,5729.0,24.76872054459766
Renesas,Chips & Hardware,19964.0,1.497695852534562,16661.0,5.071724386291339
Renesas,Cloud & Compute,132.0,34.84848484848485,111.0,37.83783783783784
Renesas,Infra Física,922.0,25.704989154013013,634.0,33.4384858044164
Renesas,Modelos de IA,27.0,55.55555555555556,51.0,60.78431372549019
Renesas,Software & Aplicação,348.0,22.126436781609197,316.0,13.60759493670886
Renesas,Total,21393.0,3.150563268358809,17773.0,6.599898722781748
Ricoh,Chips & Hardware,395.0,12.151898734177214,1213.0,29.760923330585324
Ricoh,Cloud & Compute,1975.0,33.36708860759494,2793.0,40.816326530612244
Ricoh,Infra Física,576.0,16.84027777777778,1035.0,28.985507246376812
Ricoh,Modelos de IA,579.0,83.24697754749567,892.0,75.56053811659193
Ricoh,Software & Aplicação,10406.0,12.790697674418606,14152.0,19.495477671000565
Ricoh,Total,13931.0,18.785442538224103,20085.0,26.059248195170525
SAP,Chips & Hardware,18.0,83.33333333333334,14.0,64.28571428571429
SAP,Cloud & Compute,5555.0,37.08370837083708,7378.0,40.03795066413662
SAP,Infra Física,94.0,81.91489361702128,95.0,85.26315789473684
SAP,Modelos de IA,1784.0,70.17937219730942,1244.0,63.82636655948553
SAP,Software & Aplicação,15013.0,25.338040365016983,14939.0,39.52071758484504
SAP,Total,22464.0,32.08689458689459,23670.0,41.15758343895226
SK Hynix,Chips & Hardware,15826.0,2.957159105269809,25843.0,3.2968308632898657
SK Hynix,Cloud & Compute,92.0,52.17391304347826,8.0,62.5
SK Hynix,Infra Física,630.0,57.61904761904761,351.0,66.95156695156696
SK Hynix,Modelos de IA,321.0,71.96261682242991,92.0,55.434782608695656
SK Hynix,Software & Aplicação,103.0,15.53398058252427,172.0,7.55813953488372
SK Hynix,Total,16972.0,6.634456752297903,26466.0,4.367868208267211
STATS ChipPAC,Chips & Hardware,20028.0,0.6440982624325944,12811.0,1.1396456170478495
STATS ChipPAC,Software & Aplicação,1.0,100.0,0.0,0.0
STATS ChipPAC,Total,20029.0,0.649058864646263,12811.0,1.1396456170478495
STMicroelectronics,Chips & Hardware,7733.0,6.6339066339066335,9188.0,5.561602089682194
STMicroelectronics,Cloud & Compute,221.0,74.2081447963801,219.0,45.20547945205479
STMicroelectronics,Infra Física,527.0,35.673624288425046,645.0,32.4031007751938
STMicroelectronics,Modelos de IA,694.0,59.798270893371765,337.0,63.20474777448071
STMicroelectronics,Software & Aplicação,1459.0,18.98560657984921,3041.0,12.726076948372246
STMicroelectronics,Total,10634.0,14.641715252962198,13430.0,10.56589724497394
Salesforce,Chips & Hardware,77.0,98.7012987012987,48.0,97.91666666666666
Salesforce,Cloud & Compute,32662.0,48.79676688506521,3543.0,43.57888794806661
Salesforce,Infra Física,344.0,87.79069767441861,22.0,72.72727272727273
Salesforce,Modelos de IA,9847.0,81.37503808266477,2658.0,54.66516177577125
Salesforce,Software & Aplicação,33039.0,47.9554465934199,5689.0,49.534188785375285
Salesforce,Total,75969.0,52.88078031828773,11960.0,49.14715719063545
Samsung,Chips & Hardware,67233.0,6.04167596269689,69476.0,5.288157061431285
Samsung,Cloud & Compute,8287.0,36.961505973211054,7149.0,40.117498950902224
Samsung,Infra Física,13452.0,28.49390425215581,12206.0,21.11256758970998
Samsung,Modelos de IA,8996.0,68.7083148065807,3038.0,56.747860434496374
Samsung,Software & Aplicação,33022.0,15.444249288353218,21980.0,21.474067333939946
Samsung,Total,130990.0,16.977631880296208,113849.0,13.669860956178798
SanDisk,Chips & Hardware,23886.0,3.3659884451142927,26118.0,10.724404625162723
SanDisk,Cloud & Compute,346.0,56.936416184971094,174.0,43.103448275862064
SanDisk,Infra Física,1748.0,69.8512585812357,755.0,51.65562913907284
SanDisk,Modelos de IA,379.0,78.10026385224275,191.0,54.973821989528794
SanDisk,Software & Aplicação,153.0,39.869281045751634,40.0,70.0
SanDisk,Total,26512.0,9.727670488835244,27278.0,12.460590952415867
Seiko Epson,Chips & Hardware,4939.0,0.9313626240129581,10285.0,2.13903743315508
Seiko Epson,Cloud & Compute,497.0,42.857142857142854,604.0,44.205298013245034
Seiko Epson,Infra Física,726.0,9.917355371900827,1741.0,11.143021252153934
Seiko Epson,Modelos de IA,38.0,60.526315789473685,95.0,72.63157894736842
Seiko Epson,Software & Aplicação,3532.0,6.115515288788222,6987.0,17.40374982109632
Seiko Epson,Total,9732.0,5.856966707768187,19712.0,9.97362012987013
Semiconductor Energy Lab,Chips & Hardware,42216.0,2.060830017055145,29917.0,3.0450914195942107
Semiconductor Energy Lab,Cloud & Compute,36.0,88.88888888888889,3.0,66.66666666666666
Semiconductor Energy Lab,Infra Física,2954.0,52.843601895734594,1282.0,32.99531981279251
Semiconductor Energy Lab,Modelos de IA,895.0,68.04469273743017,264.0,58.333333333333336
Semiconductor Energy Lab,Software & Aplicação,777.0,32.689832689832684,205.0,33.170731707317074
Semiconductor Energy Lab,Total,46878.0,7.095012585861172,31671.0,4.919326828960247
Sharp,Chips & Hardware,3333.0,0.9000900090009001,17335.0,2.232477646380156
Sharp,Cloud & Compute,1127.0,64.15261756876663,939.0,36.84771033013845
Sharp,Infra Física,327.0,33.63914373088685,1286.0,12.519440124416798
Sharp,Modelos de IA,26.0,46.15384615384615,160.0,50.625
Sharp,Software & Aplicação,3947.0,6.308588801621484,8787.0,15.044952771139183
Sharp,Total,8760.0,12.831050228310502,28507.0,8.057670045953627
Shin-Etsu,Chips & Hardware,6656.0,0.33052884615384615,8495.0,2.942907592701589
Shin-Etsu,Infra Física,9.0,88.88888888888889,1.0,100.0
Shin-Etsu,Software & Aplicação,6.0,66.66666666666666,2.0,100.0
Shin-Etsu,Total,6671.0,0.5096687153350322,8498.0,2.977171099082137
Siemens,Chips & Hardware,1309.0,8.097784568372804,6515.0,3.8833461243284724
Siemens,Cloud & Compute,987.0,30.800405268490376,1566.0,40.42145593869732
Siemens,Infra Física,1982.0,21.543895055499497,4302.0,27.266387726638776
Siemens,Modelos de IA,1451.0,65.12749827705031,3071.0,64.7020514490394
Siemens,Software & Aplicação,10301.0,11.018347733229783,28457.0,20.71897951294936
Siemens,Total,16030.0,18.197130380536493,43911.0,22.641251622600258
Snap,Chips & Hardware,284.0,95.77464788732394,68.0,72.05882352941177
Snap,Cloud & Compute,30347.0,59.228259795037395,10865.0,70.44638748274275
Snap,Infra Física,1299.0,76.13548883756735,480.0,51.87500000000001
Snap,Modelos de IA,10542.0,91.45323468032632,3364.0,73.63258026159333
Snap,Software & Aplicação,85301.0,37.994865241908066,24760.0,31.425686591276254
Snap,Total,127773.0,47.964749986303836,39537.0,46.05812277107519
Sony,Chips & Hardware,5979.0,5.602943636059542,16929.0,3.8750073837793138
Sony,Cloud & Compute,8166.0,37.14180749448935,9309.0,40.56289612203244
Sony,Infra Física,2794.0,21.43879742304939,6594.0,15.984228086138913
Sony,Modelos de IA,1648.0,68.08252427184466,2155.0,61.995359628770295
Sony,Software & Aplicação,24034.0,10.406091370558377,31346.0,18.28941491737383
Sony,Total,42621.0,17.808122756387696,66333.0,18.927230790104474
Sumitomo Electric,Chips & Hardware,6179.0,1.3594432756109402,18156.0,4.813835646618197
Sumitomo Electric,Cloud & Compute,268.0,22.388059701492537,828.0,35.38647342995169
Sumitomo Electric,Infra Física,892.0,15.695067264573993,2598.0,18.090839107005387
Sumitomo Electric,Modelos de IA,60.0,41.66666666666667,551.0,58.98366606170599
Sumitomo Electric,Software & Aplicação,1937.0,5.730511099638616,16992.0,12.39406779661017
Sumitomo Electric,Total,9336.0,4.4987146529562985,39125.0,10.397444089456869
TSMC,Chips & Hardware,137228.0,0.6128486897717667,107980.0,1.6021485460270422
TSMC,Cloud & Compute,120.0,33.33333333333333,17.0,29.411764705882355
TSMC,Infra Física,232.0,76.29310344827587,363.0,13.774104683195592
TSMC,Modelos de IA,208.0,59.13461538461539,106.0,49.056603773584904
TSMC,Software & Aplicação,1355.0,58.37638376383764,799.0,35.794743429286605
TSMC,Total,139143.0,1.4172470048798718,109265.0,1.942982656843454
Tencent,Chips & Hardware,730.0,20.136986301369863,289.0,43.944636678200695
Tencent,Cloud & Compute,1152.0,38.97569444444444,790.0,25.063291139240505
Tencent,Infra Física,1667.0,29.69406118776245,1072.0,13.992537313432834
Tencent,Modelos de IA,1071.0,64.42577030812325,897.0,75.36231884057972
Tencent,Software & Aplicação,3363.0,19.83348201011002,1936.0,32.696280991735534
Tencent,Total,7983.0,30.665163472378804,4984.0,35.79454253611557
Texas Instruments,Chips & Hardware,14661.0,1.350521792510743,40654.0,3.6330988340630683
Texas Instruments,Cloud & Compute,498.0,45.98393574297189,964.0,40.66390041493776
Texas Instruments,Infra Física,1713.0,26.15294804436661,3742.0,30.571886691608764
Texas Instruments,Modelos de IA,113.0,65.48672566371681,216.0,56.481481481481474
Texas Instruments,Software & Aplicação,1418.0,11.071932299012694,5897.0,15.312870951331186
Texas Instruments,Total,18403.0,6.00988969189806,51473.0,7.844889553746624
Tokyo Electron,Chips & Hardware,19670.0,1.2913065582104728,51706.0,1.0656403512164931
Tokyo Electron,Cloud & Compute,3.0,100.0,0.0,0.0
Tokyo Electron,Infra Física,10.0,70.0,46.0,26.08695652173913
Tokyo Electron,Modelos de IA,183.0,76.50273224043715,155.0,41.935483870967744
Tokyo Electron,Software & Aplicação,317.0,72.2397476340694,150.0,60.66666666666667
Tokyo Electron,Total,20183.0,3.1363028291136104,52057.0,1.3811783237604933
Toshiba,Chips & Hardware,20886.0,3.581346356410993,55415.0,4.699088694396824
Toshiba,Cloud & Compute,707.0,31.400282885431402,2211.0,29.760289461781998
Toshiba,Infra Física,3761.0,26.774793937782505,6342.0,21.507410911384422
Toshiba,Modelos de IA,542.0,59.96309963099631,901.0,57.93562708102109
Toshiba,Software & Aplicação,6793.0,7.875754453113499,16752.0,13.908787010506208
Toshiba,Total,32689.0,8.678760439291505,81621.0,9.161857855208831
Toyota,Chips & Hardware,2241.0,23.025435073627847,1118.0,42.21824686940966
Toyota,Cloud & Compute,519.0,41.23314065510597,197.0,41.11675126903553
Toyota,Infra Física,3132.0,29.565772669220948,3238.0,17.850525015441633
Toyota,Modelos de IA,978.0,64.7239263803681,961.0,60.3537981269511
Toyota,Software & Aplicação,4801.0,17.9337637992085,4658.0,31.70888793473594
Toyota,Total,11671.0,26.98997515208637,10172.0,31.34093590247739
VMware,Chips & Hardware,8.0,87.5,6.0,100.0
VMware,Cloud & Compute,20177.0,10.883679436982703,16667.0,15.887682246355073
VMware,Infra Física,248.0,72.17741935483872,193.0,79.27461139896373
VMware,Modelos de IA,529.0,71.45557655954632,329.0,64.74164133738601
VMware,Software & Aplicação,1275.0,59.843137254901954,575.0,66.95652173913044
VMware,Total,22237.0,15.842964428654943,17770.0,19.16150815981992
Verizon,Chips & Hardware,2.0,50.0,0.0,0.0
Verizon,Cloud & Compute,4667.0,43.92543389757874,4771.0,30.601551037518337
Verizon,Infra Física,72.0,25.0,100.0,28.999999999999996
Verizon,Modelos de IA,542.0,72.69372693726937,266.0,56.766917293233085
Verizon,Software & Aplicação,5119.0,31.95936706387966,4827.0,35.21856225398798
Verizon,Total,10402.0,39.405883483945395,9964.0,33.52067442794059
Winbond,Chips & Hardware,14264.0,1.4722378014582165,18986.0,1.2798904455914883
Winbond,Cloud & Compute,0.0,0.0,3.0,100.0
Winbond,Infra Física,67.0,65.67164179104478,155.0,45.806451612903224
Winbond,Modelos de IA,159.0,50.314465408805034,130.0,56.15384615384615
Winbond,Software & Aplicação,234.0,40.17094017094017,364.0,21.978021978021978
Winbond,Total,14724.0,2.9068187992393373,19638.0,2.3933190752622466
Xerox,Chips & Hardware,486.0,2.05761316872428,1500.0,5.0
Xerox,Cloud & Compute,575.0,50.95652173913044,4580.0,49.62882096069869
Xerox,Infra Física,53.0,30.18867924528302,179.0,65.36312849162012
Xerox,Modelos de IA,466.0,73.60515021459227,1262.0,62.4405705229794
Xerox,Software & Aplicação,7882.0,9.19817305252474,39946.0,21.283733039603465
Xerox,Total,9462.0,14.65863453815261,47467.0,24.764573282490993
