org,combo,n
AMD,Infra Física + Chips & Hardware,54
AMD,Infra Física + Cloud & Compute,49
AMD,Cloud & Compute + Software & Aplicação,43
AMD,Chips & Hardware + Modelos de IA,29
AMD,Modelos de IA + Software & Aplicação,18
AMD,Infra Física + Cloud & Compute + Software & Aplicação,10
AMD,Chips & Hardware + Software & Aplicação,9
AMD,Infra Física + Software & Aplicação,8
AMD,Chips & Hardware + Modelos de IA + Software & Aplicação,7
AMD,Infra Física + Chips & Hardware + Cloud & Compute,7
ASML,Chips & Hardware + Software & Aplicação,64
ASML,Chips & Hardware + Modelos de IA,35
ASML,Chips & Hardware + Modelos de IA + Software & Aplicação,12
ASML,Infra Física + Chips & Hardware,3
ASML,Modelos de IA + Software & Aplicação,1
AT&T,Cloud & Compute + Software & Aplicação,290
AT&T,Modelos de IA + Software & Aplicação,115
AT&T,Cloud & Compute + Modelos de IA,51
AT&T,Infra Física + Cloud & Compute,10
AT&T,Cloud & Compute + Modelos de IA + Software & Aplicação,9
AT&T,Chips & Hardware + Modelos de IA,8
AT&T,Chips & Hardware + Cloud & Compute + Software & Aplicação,2
AT&T,Infra Física + Chips & Hardware,2
AT&T,Chips & Hardware + Cloud & Compute,1
AT&T,Infra Física + Modelos de IA,1
Accenture,Modelos de IA + Software & Aplicação,355
Accenture,Cloud & Compute + Software & Aplicação,77
Accenture,Cloud & Compute + Modelos de IA,43
Accenture,Cloud & Compute + Modelos de IA + Software & Aplicação,17
Accenture,Infra Física + Software & Aplicação,10
Accenture,Infra Física + Cloud & Compute + Software & Aplicação,7
Accenture,Chips & Hardware + Modelos de IA,5
Accenture,Infra Física + Cloud & Compute,5
Accenture,Infra Física + Cloud & Compute + Modelos de IA,3
Accenture,Chips & Hardware + Cloud & Compute + Modelos de IA,2
Adobe,Modelos de IA + Software & Aplicação,793
Adobe,Cloud & Compute + Software & Aplicação,70
Adobe,Cloud & Compute + Modelos de IA,44
Adobe,Cloud & Compute + Modelos de IA + Software & Aplicação,10
Adobe,Infra Física + Cloud & Compute,9
Adobe,Chips & Hardware + Modelos de IA,4
Adobe,Chips & Hardware + Modelos de IA + Software & Aplicação,4
Amazon,Modelos de IA + Software & Aplicação,569
Amazon,Cloud & Compute + Software & Aplicação,486
Amazon,Cloud & Compute + Modelos de IA,145
Amazon,Chips & Hardware + Modelos de IA,132
Amazon,Infra Física + Cloud & Compute,87
Amazon,Cloud & Compute + Modelos de IA + Software & Aplicação,56
Amazon,Chips & Hardware + Cloud & Compute,20
Amazon,Chips & Hardware + Cloud & Compute + Modelos de IA,18
Amazon,Chips & Hardware + Modelos de IA + Software & Aplicação,16
Amazon,Infra Física + Chips & Hardware,14
Apple,Cloud & Compute + Software & Aplicação,273
Apple,Modelos de IA + Software & Aplicação,215
Apple,Infra Física + Cloud & Compute,104
Apple,Infra Física + Software & Aplicação,68
Apple,Infra Física + Chips & Hardware,64
Apple,Chips & Hardware + Modelos de IA,52
Apple,Infra Física + Modelos de IA,19
Apple,Cloud & Compute + Modelos de IA,15
Apple,Chips & Hardware + Cloud & Compute + Modelos de IA,11
Apple,Chips & Hardware + Modelos de IA + Software & Aplicação,10
Applied Materials,Chips & Hardware + Software & Aplicação,54
Applied Materials,Modelos de IA + Software & Aplicação,43
Applied Materials,Chips & Hardware + Modelos de IA,32
Applied Materials,Chips & Hardware + Modelos de IA + Software & Aplicação,7
Applied Materials,Infra Física + Chips & Hardware,7
Applied Materials,Infra Física + Cloud & Compute,3
Applied Materials,Cloud & Compute + Software & Aplicação,1
Applied Materials,Infra Física + Modelos de IA,1
BOE,Modelos de IA + Software & Aplicação,111
BOE,Infra Física + Software & Aplicação,18
BOE,Chips & Hardware + Software & Aplicação,13
BOE,Chips & Hardware + Modelos de IA + Software & Aplicação,6
BOE,Cloud & Compute + Software & Aplicação,6
BOE,Cloud & Compute + Modelos de IA,2
BOE,Infra Física + Modelos de IA + Software & Aplicação,2
BOE,Infra Física + Chips & Hardware,1
BOE,Infra Física + Cloud & Compute,1
BOE,Infra Física + Modelos de IA,1
Baidu,Modelos de IA + Software & Aplicação,439
Baidu,Cloud & Compute + Software & Aplicação,39
Baidu,Cloud & Compute + Modelos de IA,29
Baidu,Infra Física + Modelos de IA + Software & Aplicação,28
Baidu,Chips & Hardware + Modelos de IA,27
Baidu,Infra Física + Software & Aplicação,21
Baidu,Infra Física + Modelos de IA,16
Baidu,Infra Física + Chips & Hardware,13
Baidu,Chips & Hardware + Modelos de IA + Software & Aplicação,8
Baidu,Cloud & Compute + Modelos de IA + Software & Aplicação,8
Bank of America,Modelos de IA + Software & Aplicação,251
Bank of America,Cloud & Compute + Modelos de IA,154
Bank of America,Cloud & Compute + Software & Aplicação,123
Bank of America,Cloud & Compute + Modelos de IA + Software & Aplicação,39
Bank of America,Infra Física + Cloud & Compute,7
Bank of America,Chips & Hardware + Modelos de IA + Software & Aplicação,4
Bank of America,Chips & Hardware + Cloud & Compute,2
Bank of America,Infra Física + Cloud & Compute + Modelos de IA,2
Bank of America,Chips & Hardware + Cloud & Compute + Modelos de IA,1
Bank of America,Chips & Hardware + Modelos de IA,1
BlackBerry,Cloud & Compute + Software & Aplicação,110
BlackBerry,Modelos de IA + Software & Aplicação,9
BlackBerry,Cloud & Compute + Modelos de IA,6
BlackBerry,Infra Física + Cloud & Compute,4
BlackBerry,Infra Física + Chips & Hardware,2
BlackBerry,Chips & Hardware + Cloud & Compute,1
BlackBerry,Chips & Hardware + Modelos de IA,1
BlackBerry,Infra Física + Software & Aplicação,1
Boeing,Modelos de IA + Software & Aplicação,94
Boeing,Cloud & Compute + Software & Aplicação,26
Boeing,Cloud & Compute + Modelos de IA,9
Boeing,Infra Física + Cloud & Compute,9
Boeing,Infra Física + Chips & Hardware,8
Boeing,Chips & Hardware + Modelos de IA,6
Boeing,Cloud & Compute + Modelos de IA + Software & Aplicação,2
Boeing,Infra Física + Software & Aplicação,2
Boeing,Chips & Hardware + Cloud & Compute,1
Boeing,Chips & Hardware + Software & Aplicação,1
Bosch,Modelos de IA + Software & Aplicação,207
Bosch,Chips & Hardware + Modelos de IA,18
Bosch,Cloud & Compute + Software & Aplicação,13
Bosch,Infra Física + Chips & Hardware,11
Bosch,Infra Física + Modelos de IA,5
Bosch,Chips & Hardware + Modelos de IA + Software & Aplicação,4
Bosch,Cloud & Compute + Modelos de IA,4
Bosch,Infra Física + Software & Aplicação,4
Bosch,Infra Física + Cloud & Compute,2
Bosch,Cloud & Compute + Modelos de IA + Software & Aplicação,1
Broadcom,Cloud & Compute + Software & Aplicação,31
Broadcom,Infra Física + Chips & Hardware,19
Broadcom,Infra Física + Cloud & Compute,14
Broadcom,Infra Física + Software & Aplicação,12
Broadcom,Cloud & Compute + Modelos de IA,5
Broadcom,Chips & Hardware + Modelos de IA + Software & Aplicação,2
Broadcom,Chips & Hardware + Software & Aplicação,2
Broadcom,Infra Física + Chips & Hardware + Software & Aplicação,1
Broadcom,Infra Física + Cloud & Compute + Modelos de IA,1
Broadcom,Modelos de IA + Software & Aplicação,1
Canon,Modelos de IA + Software & Aplicação,240
Canon,Cloud & Compute + Software & Aplicação,46
Canon,Chips & Hardware + Modelos de IA + Software & Aplicação,33
Canon,Chips & Hardware + Software & Aplicação,25
Canon,Infra Física + Cloud & Compute,24
Canon,Chips & Hardware + Modelos de IA,21
Canon,Infra Física + Chips & Hardware,20
Canon,Infra Física + Software & Aplicação,17
Canon,Infra Física + Chips & Hardware + Cloud & Compute,3
Canon,Chips & Hardware + Cloud & Compute,1
Capital One,Modelos de IA + Software & Aplicação,571
Capital One,Cloud & Compute + Software & Aplicação,114
Capital One,Cloud & Compute + Modelos de IA + Software & Aplicação,78
Capital One,Cloud & Compute + Modelos de IA,74
Capital One,Chips & Hardware + Cloud & Compute + Modelos de IA + Software & Aplicação,52
Capital One,Chips & Hardware + Modelos de IA + Software & Aplicação,8
Capital One,Chips & Hardware + Modelos de IA,4
Capital One,Infra Física + Modelos de IA,3
Capital One,Chips & Hardware + Cloud & Compute + Modelos de IA,2
Capital One,Infra Física + Cloud & Compute + Software & Aplicação,1
Cisco,Cloud & Compute + Software & Aplicação,93
Cisco,Cloud & Compute + Modelos de IA,87
Cisco,Cloud & Compute + Modelos de IA + Software & Aplicação,81
Cisco,Modelos de IA + Software & Aplicação,42
Cisco,Infra Física + Cloud & Compute,32
Cisco,Infra Física + Chips & Hardware,25
Cisco,Chips & Hardware + Modelos de IA,4
Cisco,Infra Física + Modelos de IA,4
Cisco,Infra Física + Cloud & Compute + Modelos de IA,3
Cisco,Chips & Hardware + Cloud & Compute,1
Dell,Modelos de IA + Software & Aplicação,134
Dell,Cloud & Compute + Modelos de IA,77
Dell,Cloud & Compute + Software & Aplicação,74
Dell,Infra Física + Chips & Hardware,62
Dell,Infra Física + Cloud & Compute,62
Dell,Infra Física + Software & Aplicação,21
Dell,Cloud & Compute + Modelos de IA + Software & Aplicação,12
Dell,Chips & Hardware + Modelos de IA,10
Dell,Infra Física + Modelos de IA,9
Dell,Chips & Hardware + Cloud & Compute + Modelos de IA,5
Denso,Infra Física + Chips & Hardware,82
Denso,Modelos de IA + Software & Aplicação,16
Denso,Chips & Hardware + Modelos de IA,13
Denso,Cloud & Compute + Software & Aplicação,3
Denso,Infra Física + Cloud & Compute,2
Denso,Chips & Hardware + Cloud & Compute,1
Denso,Chips & Hardware + Modelos de IA + Software & Aplicação,1
Denso,Cloud & Compute + Modelos de IA,1
Denso,Infra Física + Chips & Hardware + Cloud & Compute,1
Denso,Infra Física + Chips & Hardware + Modelos de IA + Software & Aplicação,1
EMC,Cloud & Compute + Modelos de IA,88
EMC,Modelos de IA + Software & Aplicação,82
EMC,Cloud & Compute + Software & Aplicação,54
EMC,Infra Física + Cloud & Compute,36
EMC,Cloud & Compute + Modelos de IA + Software & Aplicação,12
EMC,Infra Física + Chips & Hardware,6
EMC,Chips & Hardware + Cloud & Compute + Modelos de IA,5
EMC,Chips & Hardware + Modelos de IA,4
EMC,Chips & Hardware + Cloud & Compute + Modelos de IA + Software & Aplicação,2
EMC,Infra Física + Cloud & Compute + Software & Aplicação,2
ETRI,Modelos de IA + Software & Aplicação,160
ETRI,Chips & Hardware + Modelos de IA,37
ETRI,Cloud & Compute + Software & Aplicação,15
ETRI,Cloud & Compute + Modelos de IA,14
ETRI,Chips & Hardware + Modelos de IA + Software & Aplicação,13
ETRI,Infra Física + Chips & Hardware,10
ETRI,Infra Física + Cloud & Compute,10
ETRI,Chips & Hardware + Cloud & Compute + Modelos de IA,6
ETRI,Infra Física + Software & Aplicação,5
ETRI,Cloud & Compute + Modelos de IA + Software & Aplicação,1
Ericsson,Cloud & Compute + Software & Aplicação,26
Ericsson,Cloud & Compute + Modelos de IA,24
Ericsson,Infra Física + Cloud & Compute,24
Ericsson,Modelos de IA + Software & Aplicação,16
Ericsson,Infra Física + Chips & Hardware,9
Ericsson,Infra Física + Modelos de IA,4
Ericsson,Infra Física + Cloud & Compute + Software & Aplicação,3
Ericsson,Cloud & Compute + Modelos de IA + Software & Aplicação,2
Ericsson,Infra Física + Chips & Hardware + Cloud & Compute,2
Ericsson,Infra Física + Software & Aplicação,2
Ford,Modelos de IA + Software & Aplicação,148
Ford,Cloud & Compute + Software & Aplicação,36
Ford,Infra Física + Chips & Hardware,17
Ford,Infra Física + Software & Aplicação,6
Ford,Cloud & Compute + Modelos de IA,5
Ford,Infra Física + Cloud & Compute,5
Ford,Infra Física + Modelos de IA,3
Ford,Chips & Hardware + Modelos de IA,2
Ford,Chips & Hardware + Cloud & Compute + Modelos de IA + Software & Aplicação,1
Ford,Chips & Hardware + Modelos de IA + Software & Aplicação,1
Fujifilm,Modelos de IA + Software & Aplicação,132
Fujifilm,Cloud & Compute + Software & Aplicação,48
Fujifilm,Infra Física + Chips & Hardware,6
Fujifilm,Infra Física + Software & Aplicação,5
Fujifilm,Chips & Hardware + Modelos de IA + Software & Aplicação,3
Fujifilm,Chips & Hardware + Modelos de IA,2
Fujifilm,Chips & Hardware + Software & Aplicação,2
Fujifilm,Infra Física + Cloud & Compute,2
Fujifilm,Chips & Hardware + Cloud & Compute,1
Fujifilm,Cloud & Compute + Modelos de IA,1
Fujitsu,Modelos de IA + Software & Aplicação,170
Fujitsu,Infra Física + Chips & Hardware,93
Fujitsu,Infra Física + Cloud & Compute,86
Fujitsu,Chips & Hardware + Modelos de IA,59
Fujitsu,Cloud & Compute + Software & Aplicação,56
Fujitsu,Cloud & Compute + Modelos de IA,9
Fujitsu,Chips & Hardware + Software & Aplicação,8
Fujitsu,Infra Física + Modelos de IA,7
Fujitsu,Infra Física + Software & Aplicação,6
Fujitsu,Chips & Hardware + Cloud & Compute,5
GE,Modelos de IA + Software & Aplicação,111
GE,Cloud & Compute + Software & Aplicação,36
GE,Infra Física + Chips & Hardware,29
GE,Infra Física + Software & Aplicação,25
GE,Chips & Hardware + Modelos de IA,9
GE,Cloud & Compute + Modelos de IA,6
GE,Infra Física + Cloud & Compute,4
GE,Infra Física + Modelos de IA,3
GE,Infra Física + Modelos de IA + Software & Aplicação,2
GE,Chips & Hardware + Cloud & Compute,1
General Motors,Modelos de IA + Software & Aplicação,98
General Motors,Cloud & Compute + Software & Aplicação,33
General Motors,Infra Física + Chips & Hardware,10
General Motors,Cloud & Compute + Modelos de IA,7
General Motors,Infra Física + Cloud & Compute,5
General Motors,Infra Física + Software & Aplicação,5
General Motors,Chips & Hardware + Modelos de IA + Software & Aplicação,2
General Motors,Chips & Hardware + Cloud & Compute,1
General Motors,Cloud & Compute + Modelos de IA + Software & Aplicação,1
General Motors,Infra Física + Modelos de IA,1
GlobalFoundries,Chips & Hardware + Modelos de IA,10
GlobalFoundries,Infra Física + Chips & Hardware,9
GlobalFoundries,Chips & Hardware + Software & Aplicação,4
GlobalFoundries,Cloud & Compute + Software & Aplicação,3
GlobalFoundries,Infra Física + Cloud & Compute,3
GlobalFoundries,Chips & Hardware + Modelos de IA + Software & Aplicação,2
Google,Modelos de IA + Software & Aplicação,1035
Google,Cloud & Compute + Software & Aplicação,917
Google,Chips & Hardware + Modelos de IA,183
Google,Cloud & Compute + Modelos de IA,151
Google,Infra Física + Chips & Hardware,60
Google,Cloud & Compute + Modelos de IA + Software & Aplicação,49
Google,Infra Física + Software & Aplicação,48
Google,Infra Física + Cloud & Compute,42
Google,Chips & Hardware + Modelos de IA + Software & Aplicação,33
Google,Infra Física + Cloud & Compute + Software & Aplicação,32
HP,Infra Física + Chips & Hardware,74
HP,Infra Física + Cloud & Compute,63
HP,Cloud & Compute + Software & Aplicação,56
HP,Modelos de IA + Software & Aplicação,48
HP,Infra Física + Software & Aplicação,7
HP,Chips & Hardware + Modelos de IA,6
HP,Cloud & Compute + Modelos de IA,5
HP,Cloud & Compute + Modelos de IA + Software & Aplicação,3
HP,Chips & Hardware + Cloud & Compute,2
HP,Chips & Hardware + Software & Aplicação,1
Hitachi,Infra Física + Chips & Hardware,172
Hitachi,Modelos de IA + Software & Aplicação,141
Hitachi,Chips & Hardware + Software & Aplicação,84
Hitachi,Infra Física + Cloud & Compute,58
Hitachi,Cloud & Compute + Software & Aplicação,47
Hitachi,Infra Física + Software & Aplicação,43
Hitachi,Chips & Hardware + Modelos de IA,42
Hitachi,Cloud & Compute + Modelos de IA,11
Hitachi,Chips & Hardware + Cloud & Compute,10
Hitachi,Infra Física + Modelos de IA + Software & Aplicação,6
Hon Hai,Infra Física + Chips & Hardware,61
Hon Hai,Modelos de IA + Software & Aplicação,30
Hon Hai,Cloud & Compute + Software & Aplicação,5
Hon Hai,Chips & Hardware + Software & Aplicação,3
Hon Hai,Chips & Hardware + Modelos de IA + Software & Aplicação,2
Hon Hai,Cloud & Compute + Modelos de IA,2
Hon Hai,Infra Física + Software & Aplicação,2
Hon Hai,Chips & Hardware + Cloud & Compute + Modelos de IA,1
Hon Hai,Chips & Hardware + Modelos de IA,1
Hon Hai,Infra Física + Cloud & Compute,1
Honda,Modelos de IA + Software & Aplicação,77
Honda,Infra Física + Software & Aplicação,29
Honda,Cloud & Compute + Software & Aplicação,16
Honda,Infra Física + Chips & Hardware,10
Honda,Cloud & Compute + Modelos de IA + Software & Aplicação,4
Honda,Cloud & Compute + Modelos de IA,3
Honda,Infra Física + Modelos de IA,3
Honda,Infra Física + Cloud & Compute,2
Honda,Chips & Hardware + Modelos de IA,1
Honeywell,Modelos de IA + Software & Aplicação,49
Honeywell,Cloud & Compute + Software & Aplicação,37
Honeywell,Cloud & Compute + Modelos de IA,11
Honeywell,Infra Física + Cloud & Compute,11
Honeywell,Infra Física + Software & Aplicação,11
Honeywell,Infra Física + Chips & Hardware,10
Honeywell,Infra Física + Cloud & Compute + Modelos de IA,2
Honeywell,Infra Física + Cloud & Compute + Modelos de IA + Software & Aplicação,2
Honeywell,Infra Física + Modelos de IA,2
Honeywell,Infra Física + Modelos de IA + Software & Aplicação,2
Huawei,Modelos de IA + Software & Aplicação,168
Huawei,Cloud & Compute + Software & Aplicação,84
Huawei,Infra Física + Cloud & Compute,49
Huawei,Infra Física + Chips & Hardware,46
Huawei,Chips & Hardware + Modelos de IA,32
Huawei,Cloud & Compute + Modelos de IA,26
Huawei,Infra Física + Software & Aplicação,20
Huawei,Chips & Hardware + Modelos de IA + Software & Aplicação,13
Huawei,Chips & Hardware + Cloud & Compute + Modelos de IA,6
Huawei,Cloud & Compute + Modelos de IA + Software & Aplicação,5
IBM,Modelos de IA + Software & Aplicação,2672
IBM,Cloud & Compute + Software & Aplicação,1461
IBM,Chips & Hardware + Modelos de IA,697
IBM,Infra Física + Cloud & Compute,533
IBM,Cloud & Compute + Modelos de IA,382
IBM,Infra Física + Chips & Hardware,290
IBM,Cloud & Compute + Modelos de IA + Software & Aplicação,173
IBM,Chips & Hardware + Modelos de IA + Software & Aplicação,61
IBM,Infra Física + Software & Aplicação,51
IBM,Chips & Hardware + Cloud & Compute,30
Infineon,Infra Física + Chips & Hardware,37
Infineon,Chips & Hardware + Modelos de IA,12
Infineon,Chips & Hardware + Software & Aplicação,10
Infineon,Modelos de IA + Software & Aplicação,8
Infineon,Chips & Hardware + Cloud & Compute,2
Infineon,Infra Física + Chips & Hardware + Modelos de IA,2
Infineon,Chips & Hardware + Modelos de IA + Software & Aplicação,1
Infineon,Cloud & Compute + Modelos de IA,1
Intel,Infra Física + Cloud & Compute,417
Intel,Infra Física + Chips & Hardware,347
Intel,Chips & Hardware + Modelos de IA,262
Intel,Modelos de IA + Software & Aplicação,246
Intel,Cloud & Compute + Software & Aplicação,244
Intel,Chips & Hardware + Modelos de IA + Software & Aplicação,148
Intel,Infra Física + Software & Aplicação,127
Intel,Infra Física + Cloud & Compute + Software & Aplicação,70
Intel,Cloud & Compute + Modelos de IA,65
Intel,Infra Física + Chips & Hardware + Cloud & Compute + Software & Aplicação,59
Kioxia,Infra Física + Chips & Hardware,48
Kioxia,Chips & Hardware + Modelos de IA,15
Kioxia,Infra Física + Cloud & Compute,11
Kioxia,Chips & Hardware + Software & Aplicação,8
Kioxia,Modelos de IA + Software & Aplicação,3
Kioxia,Chips & Hardware + Modelos de IA + Software & Aplicação,1
Kioxia,Cloud & Compute + Modelos de IA,1
Kioxia,Infra Física + Chips & Hardware + Modelos de IA,1
Kioxia,Infra Física + Modelos de IA,1
Kioxia,Infra Física + Software & Aplicação,1
LG Electronics,Modelos de IA + Software & Aplicação,199
LG Electronics,Cloud & Compute + Software & Aplicação,44
LG Electronics,Infra Física + Software & Aplicação,19
LG Electronics,Infra Física + Chips & Hardware,18
LG Electronics,Cloud & Compute + Modelos de IA + Software & Aplicação,15
LG Electronics,Chips & Hardware + Modelos de IA,10
LG Electronics,Infra Física + Cloud & Compute,10
LG Electronics,Cloud & Compute + Modelos de IA,8
LG Electronics,Chips & Hardware + Modelos de IA + Software & Aplicação,3
LG Electronics,Infra Física + Modelos de IA,3
Lam Research,Chips & Hardware + Software & Aplicação,5
Lam Research,Infra Física + Chips & Hardware,3
Lam Research,Chips & Hardware + Modelos de IA,2
Lam Research,Chips & Hardware + Cloud & Compute + Modelos de IA,1
Lam Research,Chips & Hardware + Modelos de IA + Software & Aplicação,1
Lam Research,Modelos de IA + Software & Aplicação,1
Meta,Cloud & Compute + Software & Aplicação,915
Meta,Modelos de IA + Software & Aplicação,362
Meta,Cloud & Compute + Modelos de IA + Software & Aplicação,147
Meta,Cloud & Compute + Modelos de IA,71
Meta,Chips & Hardware + Modelos de IA,31
Meta,Infra Física + Cloud & Compute,15
Meta,Chips & Hardware + Modelos de IA + Software & Aplicação,11
Meta,Infra Física + Software & Aplicação,9
Meta,Chips & Hardware + Software & Aplicação,8
Meta,Infra Física + Modelos de IA,5
Micron,Infra Física + Chips & Hardware,314
Micron,Chips & Hardware + Modelos de IA,156
Micron,Infra Física + Cloud & Compute,52
Micron,Modelos de IA + Software & Aplicação,40
Micron,Chips & Hardware + Modelos de IA + Software & Aplicação,33
Micron,Chips & Hardware + Cloud & Compute,24
Micron,Chips & Hardware + Cloud & Compute + Modelos de IA,20
Micron,Chips & Hardware + Software & Aplicação,17
Micron,Infra Física + Chips & Hardware + Cloud & Compute,15
Micron,Cloud & Compute + Software & Aplicação,12
Microsoft,Modelos de IA + Software & Aplicação,1120
Microsoft,Cloud & Compute + Software & Aplicação,1034
Microsoft,Cloud & Compute + Modelos de IA,175
Microsoft,Infra Física + Cloud & Compute,141
Microsoft,Cloud & Compute + Modelos de IA + Software & Aplicação,131
Microsoft,Infra Física + Chips & Hardware,74
Microsoft,Chips & Hardware + Modelos de IA,64
Microsoft,Infra Física + Software & Aplicação,31
Microsoft,Infra Física + Chips & Hardware + Cloud & Compute + Modelos de IA,21
Microsoft,Infra Física + Cloud & Compute + Modelos de IA + Software & Aplicação,17
Mitsubishi Electric,Modelos de IA + Software & Aplicação,103
Mitsubishi Electric,Infra Física + Chips & Hardware,102
Mitsubishi Electric,Chips & Hardware + Modelos de IA,29
Mitsubishi Electric,Cloud & Compute + Software & Aplicação,13
Mitsubishi Electric,Infra Física + Software & Aplicação,10
Mitsubishi Electric,Infra Física + Modelos de IA,8
Mitsubishi Electric,Chips & Hardware + Software & Aplicação,7
Mitsubishi Electric,Chips & Hardware + Modelos de IA + Software & Aplicação,3
Mitsubishi Electric,Cloud & Compute + Modelos de IA,3
Mitsubishi Electric,Infra Física + Modelos de IA + Software & Aplicação,3
Motorola,Modelos de IA + Software & Aplicação,44
Motorola,Chips & Hardware + Modelos de IA,38
Motorola,Cloud & Compute + Software & Aplicação,35
Motorola,Infra Física + Chips & Hardware,9
Motorola,Infra Física + Cloud & Compute,4
Motorola,Cloud & Compute + Modelos de IA,2
Motorola,Infra Física + Software & Aplicação,1
NEC,Modelos de IA + Software & Aplicação,344
NEC,Cloud & Compute + Software & Aplicação,42
NEC,Infra Física + Chips & Hardware,34
NEC,Infra Física + Cloud & Compute,22
NEC,Cloud & Compute + Modelos de IA,18
NEC,Infra Física + Software & Aplicação,15
NEC,Chips & Hardware + Modelos de IA,14
NEC,Chips & Hardware + Modelos de IA + Software & Aplicação,9
NEC,Infra Física + Modelos de IA,6
NEC,Chips & Hardware + Cloud & Compute + Modelos de IA,4
NVIDIA,Modelos de IA + Software & Aplicação,311
NVIDIA,Cloud & Compute + Software & Aplicação,78
NVIDIA,Chips & Hardware + Modelos de IA,60
NVIDIA,Chips & Hardware + Modelos de IA + Software & Aplicação,60
NVIDIA,Infra Física + Software & Aplicação,35
NVIDIA,Infra Física + Chips & Hardware,23
NVIDIA,Infra Física + Cloud & Compute,15
NVIDIA,Chips & Hardware + Cloud & Compute + Modelos de IA,11
NVIDIA,Cloud & Compute + Modelos de IA,10
NVIDIA,Infra Física + Modelos de IA,10
Nikon,Chips & Hardware + Software & Aplicação,8
Nikon,Chips & Hardware + Modelos de IA,4
Nikon,Infra Física + Chips & Hardware,3
Nokia,Cloud & Compute + Software & Aplicação,68
Nokia,Modelos de IA + Software & Aplicação,54
Nokia,Infra Física + Cloud & Compute,18
Nokia,Chips & Hardware + Modelos de IA,17
Nokia,Cloud & Compute + Modelos de IA,7
Nokia,Infra Física + Chips & Hardware,6
Nokia,Chips & Hardware + Modelos de IA + Software & Aplicação,3
Nokia,Cloud & Compute + Modelos de IA + Software & Aplicação,2
Nokia,Infra Física + Software & Aplicação,2
Nokia,Chips & Hardware + Cloud & Compute + Modelos de IA,1
Oracle,Modelos de IA + Software & Aplicação,253
Oracle,Cloud & Compute + Software & Aplicação,202
Oracle,Cloud & Compute + Modelos de IA,51
Oracle,Infra Física + Cloud & Compute,50
Oracle,Cloud & Compute + Modelos de IA + Software & Aplicação,30
Oracle,Infra Física + Chips & Hardware,19
Oracle,Infra Física + Modelos de IA,10
Oracle,Infra Física + Cloud & Compute + Modelos de IA,5
Oracle,Chips & Hardware + Cloud & Compute,3
Oracle,Chips & Hardware + Modelos de IA,2
Panasonic,Modelos de IA + Software & Aplicação,92
Panasonic,Cloud & Compute + Software & Aplicação,53
Panasonic,Infra Física + Chips & Hardware,40
Panasonic,Infra Física + Software & Aplicação,30
Panasonic,Infra Física + Cloud & Compute,26
Panasonic,Chips & Hardware + Modelos de IA,17
Panasonic,Infra Física + Modelos de IA,5
Panasonic,Cloud & Compute + Modelos de IA,3
Panasonic,Cloud & Compute + Modelos de IA + Software & Aplicação,3
Panasonic,Chips & Hardware + Modelos de IA + Software & Aplicação,2
Philips,Modelos de IA + Software & Aplicação,131
Philips,Chips & Hardware + Modelos de IA,15
Philips,Cloud & Compute + Software & Aplicação,13
Philips,Chips & Hardware + Cloud & Compute,4
Philips,Cloud & Compute + Modelos de IA,3
Philips,Chips & Hardware + Software & Aplicação,2
Philips,Infra Física + Chips & Hardware,2
Philips,Infra Física + Software & Aplicação,2
Philips,Cloud & Compute + Modelos de IA + Software & Aplicação,1
Philips,Infra Física + Chips & Hardware + Cloud & Compute,1
Qualcomm,Modelos de IA + Software & Aplicação,149
Qualcomm,Chips & Hardware + Modelos de IA,95
Qualcomm,Infra Física + Cloud & Compute,77
Qualcomm,Infra Física + Chips & Hardware,76
Qualcomm,Cloud & Compute + Software & Aplicação,75
Qualcomm,Infra Física + Software & Aplicação,30
Qualcomm,Cloud & Compute + Modelos de IA,19
Qualcomm,Chips & Hardware + Modelos de IA + Software & Aplicação,18
Qualcomm,Infra Física + Chips & Hardware + Modelos de IA,9
Qualcomm,Infra Física + Modelos de IA,9
Red Hat,Infra Física + Cloud & Compute,53
Red Hat,Cloud & Compute + Software & Aplicação,49
Red Hat,Cloud & Compute + Modelos de IA,20
Red Hat,Modelos de IA + Software & Aplicação,5
Red Hat,Chips & Hardware + Cloud & Compute + Modelos de IA,1
Red Hat,Chips & Hardware + Modelos de IA,1
Red Hat,Cloud & Compute + Modelos de IA + Software & Aplicação,1
Red Hat,Infra Física + Cloud & Compute + Modelos de IA,1
Red Hat,Infra Física + Cloud & Compute + Software & Aplicação,1
Renesas,Infra Física + Chips & Hardware,24
Renesas,Chips & Hardware + Modelos de IA,7
Renesas,Chips & Hardware + Software & Aplicação,7
Renesas,Infra Física + Cloud & Compute,6
Renesas,Chips & Hardware + Modelos de IA + Software & Aplicação,4
Renesas,Cloud & Compute + Software & Aplicação,3
Renesas,Infra Física + Software & Aplicação,2
Renesas,Cloud & Compute + Modelos de IA,1
Ricoh,Cloud & Compute + Software & Aplicação,67
Ricoh,Modelos de IA + Software & Aplicação,44
Ricoh,Chips & Hardware + Modelos de IA,18
Ricoh,Infra Física + Chips & Hardware,9
Ricoh,Infra Física + Software & Aplicação,9
Ricoh,Infra Física + Cloud & Compute,6
Ricoh,Cloud & Compute + Modelos de IA,3
Ricoh,Infra Física + Modelos de IA,2
Ricoh,Chips & Hardware + Modelos de IA + Software & Aplicação,1
Ricoh,Cloud & Compute + Modelos de IA + Software & Aplicação,1
SAP,Modelos de IA + Software & Aplicação,223
SAP,Cloud & Compute + Software & Aplicação,164
SAP,Cloud & Compute + Modelos de IA,36
SAP,Infra Física + Cloud & Compute,13
SAP,Cloud & Compute + Modelos de IA + Software & Aplicação,7
SAP,Chips & Hardware + Modelos de IA,5
SAP,Infra Física + Cloud & Compute + Software & Aplicação,3
SAP,Infra Física + Software & Aplicação,2
SAP,Infra Física + Modelos de IA + Software & Aplicação,1
SK Hynix,Infra Física + Chips & Hardware,107
SK Hynix,Chips & Hardware + Modelos de IA,98
SK Hynix,Infra Física + Cloud & Compute,13
SK Hynix,Infra Física + Chips & Hardware + Modelos de IA,9
SK Hynix,Modelos de IA + Software & Aplicação,8
SK Hynix,Chips & Hardware + Cloud & Compute + Modelos de IA,4
SK Hynix,Infra Física + Modelos de IA,4
SK Hynix,Chips & Hardware + Cloud & Compute,3
SK Hynix,Chips & Hardware + Modelos de IA + Software & Aplicação,3
SK Hynix,Chips & Hardware + Software & Aplicação,3
STMicroelectronics,Chips & Hardware + Modelos de IA,42
STMicroelectronics,Infra Física + Chips & Hardware,21
STMicroelectronics,Chips & Hardware + Software & Aplicação,14
STMicroelectronics,Cloud & Compute + Software & Aplicação,11
STMicroelectronics,Modelos de IA + Software & Aplicação,11
STMicroelectronics,Chips & Hardware + Modelos de IA + Software & Aplicação,6
STMicroelectronics,Infra Física + Chips & Hardware + Modelos de IA,5
STMicroelectronics,Infra Física + Cloud & Compute,5
STMicroelectronics,Infra Física + Modelos de IA,5
STMicroelectronics,Chips & Hardware + Cloud & Compute,3
Salesforce,Modelos de IA + Software & Aplicação,270
Salesforce,Cloud & Compute + Software & Aplicação,245
Salesforce,Cloud & Compute + Modelos de IA,36
Salesforce,Cloud & Compute + Modelos de IA + Software & Aplicação,22
Salesforce,Chips & Hardware + Modelos de IA + Software & Aplicação,6
Salesforce,Chips & Hardware + Modelos de IA,1
Salesforce,Infra Física + Cloud & Compute,1
Samsung,Modelos de IA + Software & Aplicação,861
Samsung,Chips & Hardware + Modelos de IA,403
Samsung,Cloud & Compute + Software & Aplicação,251
Samsung,Infra Física + Chips & Hardware,206
Samsung,Infra Física + Cloud & Compute,134
Samsung,Infra Física + Software & Aplicação,96
Samsung,Chips & Hardware + Modelos de IA + Software & Aplicação,77
Samsung,Cloud & Compute + Modelos de IA,64
Samsung,Chips & Hardware + Software & Aplicação,46
Samsung,Chips & Hardware + Cloud & Compute + Modelos de IA,39
SanDisk,Chips & Hardware + Modelos de IA,34
SanDisk,Infra Física + Chips & Hardware,10
SanDisk,Infra Física + Cloud & Compute,5
SanDisk,Chips & Hardware + Software & Aplicação,3
SanDisk,Chips & Hardware + Cloud & Compute + Modelos de IA,2
SanDisk,Infra Física + Chips & Hardware + Modelos de IA,2
SanDisk,Modelos de IA + Software & Aplicação,2
SanDisk,Chips & Hardware + Cloud & Compute,1
SanDisk,Chips & Hardware + Modelos de IA + Software & Aplicação,1
SanDisk,Infra Física + Modelos de IA,1
Seiko Epson,Cloud & Compute + Software & Aplicação,20
Seiko Epson,Modelos de IA + Software & Aplicação,13
Seiko Epson,Infra Física + Chips & Hardware,5
Seiko Epson,Chips & Hardware + Software & Aplicação,4
Seiko Epson,Infra Física + Cloud & Compute,3
Seiko Epson,Chips & Hardware + Modelos de IA,2
Seiko Epson,Infra Física + Software & Aplicação,2
Seiko Epson,Infra Física + Modelos de IA,1
Semiconductor Energy Lab,Chips & Hardware + Modelos de IA,66
Semiconductor Energy Lab,Infra Física + Chips & Hardware,54
Semiconductor Energy Lab,Modelos de IA + Software & Aplicação,13
Semiconductor Energy Lab,Chips & Hardware + Modelos de IA + Software & Aplicação,12
Semiconductor Energy Lab,Infra Física + Chips & Hardware + Modelos de IA,4
Semiconductor Energy Lab,Chips & Hardware + Software & Aplicação,3
Semiconductor Energy Lab,Infra Física + Chips & Hardware + Modelos de IA + Software & Aplicação,3
Semiconductor Energy Lab,Infra Física + Modelos de IA,3
Semiconductor Energy Lab,Infra Física + Software & Aplicação,3
Semiconductor Energy Lab,Cloud & Compute + Software & Aplicação,2
Sharp,Chips & Hardware + Modelos de IA,11
Sharp,Cloud & Compute + Software & Aplicação,7
Sharp,Infra Física + Cloud & Compute,6
Sharp,Modelos de IA + Software & Aplicação,5
Sharp,Chips & Hardware + Software & Aplicação,3
Sharp,Infra Física + Software & Aplicação,3
Sharp,Chips & Hardware + Modelos de IA + Software & Aplicação,2
Sharp,Infra Física + Chips & Hardware,1
Shin-Etsu,Infra Física + Chips & Hardware,5
Shin-Etsu,Chips & Hardware + Software & Aplicação,1
Siemens,Modelos de IA + Software & Aplicação,370
Siemens,Cloud & Compute + Software & Aplicação,35
Siemens,Infra Física + Software & Aplicação,28
Siemens,Infra Física + Chips & Hardware,27
Siemens,Chips & Hardware + Modelos de IA,19
Siemens,Infra Física + Cloud & Compute,16
Siemens,Cloud & Compute + Modelos de IA,9
Siemens,Infra Física + Modelos de IA,7
Siemens,Infra Física + Modelos de IA + Software & Aplicação,5
Siemens,Chips & Hardware + Modelos de IA + Software & Aplicação,3
Snap,Cloud & Compute + Software & Aplicação,238
Snap,Modelos de IA + Software & Aplicação,217
Snap,Cloud & Compute + Modelos de IA + Software & Aplicação,29
Snap,Cloud & Compute + Modelos de IA,18
Snap,Chips & Hardware + Modelos de IA + Software & Aplicação,10
Snap,Infra Física + Software & Aplicação,7
Snap,Infra Física + Cloud & Compute,6
Snap,Chips & Hardware + Modelos de IA,4
Snap,Chips & Hardware + Cloud & Compute + Modelos de IA,1
Sony,Modelos de IA + Software & Aplicação,300
Sony,Cloud & Compute + Software & Aplicação,236
Sony,Infra Física + Chips & Hardware,48
Sony,Infra Física + Software & Aplicação,26
Sony,Chips & Hardware + Modelos de IA,22
Sony,Infra Física + Cloud & Compute,19
Sony,Cloud & Compute + Modelos de IA,18
Sony,Chips & Hardware + Modelos de IA + Software & Aplicação,8
Sony,Chips & Hardware + Software & Aplicação,6
Sony,Cloud & Compute + Modelos de IA + Software & Aplicação,6
Sumitomo Electric,Infra Física + Chips & Hardware,32
Sumitomo Electric,Chips & Hardware + Modelos de IA,7
Sumitomo Electric,Modelos de IA + Software & Aplicação,6
Sumitomo Electric,Cloud & Compute + Software & Aplicação,5
Sumitomo Electric,Chips & Hardware + Modelos de IA + Software & Aplicação,3
Sumitomo Electric,Chips & Hardware + Software & Aplicação,3
Sumitomo Electric,Infra Física + Cloud & Compute,2
Sumitomo Electric,Chips & Hardware + Cloud & Compute,1
Sumitomo Electric,Cloud & Compute + Modelos de IA,1
Sumitomo Electric,Infra Física + Software & Aplicação,1
TSMC,Chips & Hardware + Software & Aplicação,96
TSMC,Chips & Hardware + Modelos de IA,43
TSMC,Infra Física + Chips & Hardware,31
TSMC,Modelos de IA + Software & Aplicação,10
TSMC,Chips & Hardware + Modelos de IA + Software & Aplicação,2
TSMC,Cloud & Compute + Software & Aplicação,2
Tencent,Modelos de IA + Software & Aplicação,375
Tencent,Cloud & Compute + Software & Aplicação,142
Tencent,Infra Física + Software & Aplicação,34
Tencent,Infra Física + Chips & Hardware,24
Tencent,Cloud & Compute + Modelos de IA,13
Tencent,Chips & Hardware + Modelos de IA,12
Tencent,Chips & Hardware + Modelos de IA + Software & Aplicação,12
Tencent,Infra Física + Modelos de IA + Software & Aplicação,11
Tencent,Cloud & Compute + Modelos de IA + Software & Aplicação,10
Tencent,Infra Física + Cloud & Compute,10
Texas Instruments,Infra Física + Cloud & Compute,58
Texas Instruments,Infra Física + Chips & Hardware,26
Texas Instruments,Chips & Hardware + Software & Aplicação,22
Texas Instruments,Chips & Hardware + Modelos de IA,21
Texas Instruments,Modelos de IA + Software & Aplicação,17
Texas Instruments,Cloud & Compute + Software & Aplicação,11
Texas Instruments,Chips & Hardware + Modelos de IA + Software & Aplicação,4
Texas Instruments,Infra Física + Software & Aplicação,4
Texas Instruments,Chips & Hardware + Cloud & Compute,3
Texas Instruments,Chips & Hardware + Cloud & Compute + Modelos de IA,2
Tokyo Electron,Chips & Hardware + Software & Aplicação,51
Tokyo Electron,Chips & Hardware + Modelos de IA,8
Tokyo Electron,Modelos de IA + Software & Aplicação,6
Tokyo Electron,Infra Física + Chips & Hardware,3
Tokyo Electron,Chips & Hardware + Modelos de IA + Software & Aplicação,2
Toshiba,Modelos de IA + Software & Aplicação,106
Toshiba,Infra Física + Chips & Hardware,89
Toshiba,Chips & Hardware + Modelos de IA,59
Toshiba,Infra Física + Software & Aplicação,24
Toshiba,Cloud & Compute + Software & Aplicação,23
Toshiba,Cloud & Compute + Modelos de IA,12
Toshiba,Chips & Hardware + Software & Aplicação,11
Toshiba,Infra Física + Cloud & Compute,6
Toshiba,Infra Física + Cloud & Compute + Software & Aplicação,2
Toshiba,Cloud & Compute + Modelos de IA + Software & Aplicação,1
Toyota,Modelos de IA + Software & Aplicação,204
Toyota,Infra Física + Chips & Hardware,87
Toyota,Cloud & Compute + Software & Aplicação,55
Toyota,Infra Física + Software & Aplicação,15
Toyota,Infra Física + Cloud & Compute,10
Toyota,Cloud & Compute + Modelos de IA + Software & Aplicação,7
Toyota,Chips & Hardware + Modelos de IA,5
Toyota,Cloud & Compute + Modelos de IA,5
Toyota,Infra Física + Modelos de IA,5
Toyota,Chips & Hardware + Modelos de IA + Software & Aplicação,4
VMware,Cloud & Compute + Software & Aplicação,109
VMware,Cloud & Compute + Modelos de IA,74
VMware,Infra Física + Cloud & Compute,56
VMware,Modelos de IA + Software & Aplicação,15
VMware,Cloud & Compute + Modelos de IA + Software & Aplicação,5
VMware,Infra Física + Cloud & Compute + Software & Aplicação,3
VMware,Chips & Hardware + Cloud & Compute + Modelos de IA,2
VMware,Chips & Hardware + Cloud & Compute,1
VMware,Infra Física + Chips & Hardware + Modelos de IA,1
VMware,Infra Física + Cloud & Compute + Modelos de IA,1
Verizon,Cloud & Compute + Software & Aplicação,93
Verizon,Modelos de IA + Software & Aplicação,86
Verizon,Cloud & Compute + Modelos de IA,28
Verizon,Cloud & Compute + Modelos de IA + Software & Aplicação,11
Verizon,Infra Física + Cloud & Compute,7
Verizon,Infra Física + Cloud & Compute + Modelos de IA,2
Verizon,Chips & Hardware + Software & Aplicação,1
Verizon,Infra Física + Chips & Hardware,1
Verizon,Infra Física + Cloud & Compute + Software & Aplicação,1
Verizon,Infra Física + Modelos de IA,1
Winbond,Chips & Hardware + Modelos de IA,19
Winbond,Infra Física + Chips & Hardware,13
Winbond,Chips & Hardware + Software & Aplicação,6
Winbond,Modelos de IA + Software & Aplicação,5
Winbond,Chips & Hardware + Modelos de IA + Software & Aplicação,3
Xerox,Modelos de IA + Software & Aplicação,52
Xerox,Cloud & Compute + Software & Aplicação,36
Xerox,Cloud & Compute + Modelos de IA + Software & Aplicação,2
Xerox,Infra Física + Cloud & Compute,2
Xerox,Chips & Hardware + Cloud & Compute,1
Xerox,Chips & Hardware + Modelos de IA + Software & Aplicação,1
Xerox,Chips & Hardware + Software & Aplicação,1
Xerox,Cloud & Compute + Modelos de IA,1
Xerox,Infra Física + Chips & Hardware,1
Xerox,Infra Física + Software & Aplicação,1
