org,ncam,n,pct
AMD,1,5199,95.23722293460341
AMD,2,220,4.0300421322586555
AMD,3,34,0.6228246931672468
AMD,4,6,0.1099102399706906
ASML,1,4719,97.62101779064956
ASML,2,103,2.1307405875051715
ASML,3,12,0.24824162184526274
AT&T,1,5818,92.23208623969562
AT&T,2,479,7.593532022828155
AT&T,3,11,0.17438173747622066
Accenture,1,1477,73.62911266201397
Accenture,2,498,24.825523429710866
Accenture,3,31,1.5453639082751744
Adobe,1,3735,79.99571642750054
Adobe,2,920,19.704433497536947
Adobe,3,14,0.29985007496251875
Amazon,1,9340,85.57031607879065
Amazon,2,1466,13.43105817682089
Amazon,3,105,0.9619789280806231
Amazon,4,4,0.03664681630783326
Apple,1,8875,91.02564102564102
Apple,2,821,8.42051282051282
Apple,3,48,0.49230769230769234
Apple,4,6,0.06153846153846154
Applied Materials,1,7152,97.97260273972603
Applied Materials,2,141,1.9315068493150684
Applied Materials,3,7,0.0958904109589041
BOE,1,2208,93.20388349514563
BOE,2,153,6.458421274799493
BOE,3,8,0.33769523005487545
Baidu,1,1586,70.96196868008948
Baidu,2,591,26.44295302013423
Baidu,3,51,2.2818791946308723
Baidu,4,7,0.3131991051454139
Bank of America,1,2048,77.75246772968869
Bank of America,2,539,20.46317388003037
Bank of America,3,47,1.7843583902809415
Base total,1,991215,91.60443967986987
Base total,2,84175,7.779143485573813
Base total,3,6014,0.5557917305879526
Base total,4,594,0.05489529231281075
Base total,5,62,0.005729811655545903
BlackBerry,1,2109,94.02585822559072
BlackBerry,2,134,5.974141774409273
Boeing,1,1955,92.52247988641741
Boeing,2,156,7.382867960246095
Boeing,3,2,0.09465215333648841
Bosch,1,2193,89.03775883069429
Bosch,2,264,10.71863580998782
Bosch,3,5,0.20300446609825418
Bosch,4,1,0.04060089321965083
Broadcom,1,1764,95.24838012958963
Broadcom,2,84,4.535637149028078
Broadcom,3,4,0.21598272138228944
Canon,1,14320,97.04526972079154
Canon,2,396,2.683654106804012
Canon,3,39,0.2642992680943345
Canon,4,1,0.00677690431011114
Capital One,1,2244,71.21548714693748
Capital One,2,766,24.309742938749604
Capital One,3,89,2.824500158679784
Capital One,4,52,1.6502697556331325
Cisco,1,4145,91.70353982300885
Cisco,2,289,6.393805309734512
Cisco,3,86,1.9026548672566372
Dell,1,3864,88.95027624309392
Dell,2,453,10.42817679558011
Dell,3,27,0.6215469613259669
Denso,1,2583,95.48983364140481
Denso,2,118,4.3622920517560075
Denso,3,2,0.07393715341959334
Denso,4,2,0.07393715341959334
EMC,1,3082,91.31851851851852
EMC,2,270,8.0
EMC,3,21,0.6222222222222222
EMC,4,2,0.05925925925925926
ETRI,1,2082,88.33262621977089
ETRI,2,252,10.691557064064488
ETRI,3,22,0.9333899024183283
ETRI,4,1,0.04242681374628765
Ericsson,1,2577,95.79925650557621
Ericsson,2,106,3.940520446096654
Ericsson,3,7,0.26022304832713755
Ford,1,2082,90.24707412223667
Ford,2,222,9.622886866059819
Ford,3,2,0.08669267446900737
Ford,4,1,0.043346337234503686
Fujifilm,1,5171,96.22255303312244
Fujifilm,2,199,3.703014514328247
Fujifilm,3,4,0.07443245254931151
Fujitsu,1,10569,95.34506089309879
Fujitsu,2,499,4.501578709968426
Fujitsu,3,13,0.11727559765448804
Fujitsu,4,4,0.03608479927830401
GE,1,4361,95.05231037489102
GE,2,224,4.882301656495205
GE,3,3,0.06538796861377506
General Motors,1,2116,92.84774023694602
General Motors,2,160,7.020623080298377
General Motors,3,3,0.13163668275559456
GlobalFoundries,1,3556,99.13576805129635
GlobalFoundries,2,29,0.8084750487872874
GlobalFoundries,3,2,0.05575689991636465
Google,1,11951,81.8337441796768
Google,2,2469,16.9063270336894
Google,3,170,1.1640646398247056
Google,4,14,0.0958641468090934
HP,1,5850,95.65075212557227
HP,2,263,4.300196206671027
HP,3,3,0.04905166775670373
Hitachi,1,11680,94.91305054444986
Hitachi,2,611,4.965057695433122
Hitachi,3,15,0.12189176011701609
Hon Hai,1,1685,93.87186629526462
Hon Hai,2,105,5.8495821727019495
Hon Hai,3,5,0.2785515320334262
Honda,1,2253,93.95329441201001
Honda,2,141,5.879899916597164
Honda,3,4,0.16680567139282734
Honeywell,1,2115,93.83318544809228
Honeywell,2,131,5.811889973380657
Honeywell,3,6,0.26619343389529726
Honeywell,4,2,0.08873114463176575
Huawei,1,4272,90.12658227848101
Huawei,2,434,9.156118143459915
Huawei,3,33,0.6962025316455696
Huawei,4,1,0.02109704641350211
IBM,1,53751,89.25920390574403
IBM,2,6156,10.222687191750113
IBM,3,311,0.5164482970491041
IBM,4,1,0.0016606054567495309
Infineon,1,5558,98.70360504350914
Infineon,2,70,1.2431184514295863
Infineon,3,3,0.05327650506126798
Intel,1,17537,88.10791800643086
Intel,2,1783,8.957998392282958
Intel,3,374,1.8790192926045015
Intel,4,159,0.7988344051446945
Intel,5,51,0.2562299035369775
Kioxia,1,2351,96.31298648095043
Kioxia,2,88,3.6050798852929127
Kioxia,3,2,0.0819336337566571
LG Electronics,1,3334,91.01829101829102
LG Electronics,2,311,8.49030849030849
LG Electronics,3,18,0.4914004914004914
Lam Research,1,2016,99.35929029078365
Lam Research,2,11,0.5421389847215378
Lam Research,3,2,0.09857072449482504
Meta,1,3691,69.85238455715367
Meta,2,1424,26.949280847842545
Meta,3,167,3.1604844814534445
Meta,4,2,0.03785011355034065
Micron,1,17601,96.0700835107254
Micron,2,635,3.465968014846351
Micron,3,78,0.4257409530047486
Micron,4,7,0.03820752142350308
Microsoft,1,18824,86.65070889338979
Microsoft,2,2660,12.24452218744246
Microsoft,3,199,0.9160375621432517
Microsoft,4,41,0.18873135702448904
Mitsubishi Electric,1,7065,96.13552864335284
Mitsubishi Electric,2,277,3.7692203020819157
Mitsubishi Electric,3,7,0.09525105456524698
Motorola,1,3447,96.28491620111733
Motorola,2,133,3.7150837988826817
NEC,1,8571,94.30080316866541
NEC,2,498,5.479150621630542
NEC,3,20,0.22004620970403785
NVIDIA,1,2302,78.1398506449423
NVIDIA,2,548,18.601493550577054
NVIDIA,3,87,2.9531568228105907
NVIDIA,4,9,0.30549898167006106
Nikon,1,3086,99.51628506933248
Nikon,2,15,0.4837149306675266
Nokia,1,2563,93.437841779074
Nokia,2,173,6.306963179001094
Nokia,3,7,0.2551950419248997
Oracle,1,4435,87.59628678649023
Oracle,2,592,11.6926723286589
Oracle,3,36,0.7110408848508789
Panasonic,1,5713,95.39155117715812
Panasonic,2,268,4.474870596092837
Panasonic,3,7,0.11688094840540991
Panasonic,4,1,0.01669727834362999
Philips,1,4269,96.08372721134369
Philips,2,172,3.871258158901643
Philips,3,2,0.045014629754670264
Qualcomm,1,6037,91.06954291748379
Qualcomm,2,535,8.070598883692865
Qualcomm,3,52,0.7844320410318298
Qualcomm,4,5,0.0754261577915221
Red Hat,1,1948,93.65384615384616
Red Hat,2,128,6.153846153846154
Red Hat,3,4,0.19230769230769232
Renesas,1,4909,98.91194841829538
Renesas,2,50,1.007455168245013
Renesas,3,4,0.08059641345960104
Ricoh,1,3215,95.20284275984602
Ricoh,2,158,4.6787089132366
Ricoh,3,4,0.11844832691738229
SAP,1,3524,88.58722976370035
SAP,2,443,11.13624937154349
SAP,3,11,0.2765208647561589
SK Hynix,1,7231,96.61945483698557
SK Hynix,2,236,3.153393907001603
SK Hynix,3,16,0.2137894174238375
SK Hynix,4,1,0.013361838588989844
STATS ChipPAC,1,1692,100.0
STMicroelectronics,1,2919,95.64220183486239
STMicroelectronics,2,113,3.7024901703800785
STMicroelectronics,3,16,0.5242463958060288
STMicroelectronics,4,4,0.1310615989515072
Salesforce,1,1692,74.43906731192257
Salesforce,2,553,24.32908051033876
Salesforce,3,28,1.2318521777386713
Samsung,1,30993,93.0944371020065
Samsung,2,2105,6.322840321999279
Samsung,3,177,0.5316592574792743
Samsung,4,17,0.051063318514958544
SanDisk,1,2600,97.7076287110109
SanDisk,2,56,2.1044720030063884
SanDisk,3,5,0.18789928598271327
Seiko Epson,1,3180,98.45201238390094
Seiko Epson,2,50,1.5479876160990713
Semiconductor Energy Lab,1,3646,95.72066159096876
Semiconductor Energy Lab,2,144,3.780519821475453
Semiconductor Energy Lab,3,16,0.420057757941717
Semiconductor Energy Lab,4,3,0.07876082961407194
Sharp,1,3140,98.80427942101952
Sharp,2,36,1.1327879169288861
Sharp,3,2,0.06293266205160479
Shin-Etsu,1,1950,99.69325153374233
Shin-Etsu,2,6,0.3067484662576687
Siemens,1,6868,92.92382627519957
Siemens,2,512,6.9273440671086455
Siemens,3,11,0.14882965769178733
Snap,1,1739,76.64169237549582
Snap,2,490,21.595416483032174
Snap,3,40,1.762891141472014
Sony,1,13155,94.97509205111544
Sony,2,676,4.880514042307415
Sony,3,19,0.1371742112482853
Sony,4,1,0.007219695328857122
Sumitomo Electric,1,4321,98.60794157918758
Sumitomo Electric,2,58,1.323596531264263
Sumitomo Electric,3,3,0.06846188954815154
TSMC,1,22950,99.2046338722227
TSMC,2,182,0.7867208437797181
TSMC,3,2,0.00864528399757932
Tencent,1,3114,82.46822033898306
Tencent,2,615,16.28707627118644
Tencent,3,39,1.0328389830508475
Tencent,4,7,0.1853813559322034
Tencent,5,1,0.026483050847457626
Texas Instruments,1,7212,97.670639219935
Texas Instruments,2,162,2.1939328277356447
Texas Instruments,3,8,0.10834236186348861
Texas Instruments,4,2,0.027085590465872153
Tokyo Electron,1,6386,98.91573729863693
Tokyo Electron,2,68,1.0532837670384139
Tokyo Electron,3,2,0.030978934324659233
Toshiba,1,12879,97.45743473325767
Toshiba,2,331,2.504729474082482
Toshiba,3,5,0.037835792659856225
Toyota,1,4529,91.86612576064908
Toyota,2,386,7.829614604462474
Toyota,3,14,0.2839756592292089
Toyota,4,1,0.02028397565922921
VMware,1,3196,92.26327944572749
VMware,2,256,7.390300230946882
VMware,3,12,0.3464203233256351
Verizon,1,2104,90.10706638115632
Verizon,2,217,9.293361884368307
Verizon,3,14,0.5995717344753747
Winbond,1,3776,98.79644165358451
Winbond,2,43,1.1250654107796965
Winbond,3,3,0.07849293563579278
Xerox,1,2692,96.48745519713262
Xerox,2,95,3.405017921146954
Xerox,3,3,0.10752688172043011
