org,total,ano_ini,ano_fim,conv_pct,conv_razao,camada_dom,pct_dom,tipo,rank
IBM,60219,1976,2025,10.740796094255964,1.2793423767681886,Software & Aplicação,30.607462686567168,Empresa,1
Samsung,33292,1987,2025,6.905562897993511,0.8225255533494259,Chips & Hardware,46.32702083682476,Empresa,2
TSMC,23134,1988,2025,0.7953661277772975,0.09473651518770462,Chips & Hardware,97.64150943396226,Empresa,3
Microsoft,21724,1988,2025,13.3492911066102,1.590041712237177,Software & Aplicação,53.37080907448304,Empresa,4
Intel,19904,1976,2025,11.892081993569132,1.4164726998691635,Chips & Hardware,37.61896521889601,Empresa,5
Micron,18321,1979,2025,3.9299164892746026,0.468094604698605,Chips & Hardware,88.26111953169917,Empresa,6
Canon,14756,1976,2025,2.9547302792084578,0.3519396164808525,Software & Aplicação,54.73642749294295,Empresa,7
Google,14604,2003,2025,18.166255820323197,2.163793139186408,Software & Aplicação,55.56574047550845,Empresa,8
Sony,13851,1976,2025,5.024907948884557,0.5985196648324096,Software & Aplicação,55.319879187259744,Empresa,9
Toshiba,13215,1976,2025,2.542565266742338,0.3028464056944482,Chips & Hardware,61.36028326940101,Empresa,10
Hitachi,12306,1976,2025,5.086949455550139,0.6059094642382722,Chips & Hardware,44.85981308411215,Empresa,11
Fujitsu,11085,1976,2025,4.654939106901218,0.5544524640886711,Chips & Hardware,45.94734124935467,Empresa,12
Amazon,10915,2006,2025,14.429683921209344,1.718727919399393,Software & Aplicação,43.997460922002695,Empresa,13
Apple,9750,1991,2025,8.974358974358974,1.0689410393301637,Software & Aplicação,52.20402433317736,Empresa,14
NEC,9089,1984,2025,5.69919683133458,0.6788345999574987,Chips & Hardware,40.12672691388802,Empresa,15
SK Hynix,7484,1991,2025,3.3805451630144305,0.4026586712632941,Chips & Hardware,89.34880722114764,Empresa,16
Siemens,7391,1976,2025,7.076173724800433,0.8428471066825425,Software & Aplicação,54.68769716088329,Empresa,17
Texas Instruments,7384,1976,2025,2.3293607800650054,0.27745149712996203,Chips & Hardware,74.90750528541226,Empresa,18
Mitsubishi Electric,7349,1976,2025,3.864471356647163,0.46029939745430454,Chips & Hardware,56.51832460732984,Empresa,19
Applied Materials,7300,1983,2025,2.0273972602739727,0.24148444927646598,Chips & Hardware,92.5553319919517,Empresa,20
Qualcomm,6629,1991,2025,8.930457082516217,1.0637118598390114,Software & Aplicação,31.62158451187697,Empresa,21
Tokyo Electron,6456,1983,2025,1.084262701363073,0.12914715159193427,Chips & Hardware,97.08946078431373,Empresa,22
AT&T,6308,1984,2025,7.767913760304375,0.9252406586465907,Cloud & Compute,42.88441768247907,Empresa,23
HP,6116,1976,2025,4.34924787442773,0.5180414062417602,Software & Aplicação,38.79404855129209,Empresa,24
Panasonic,5989,1976,2025,4.608448822841877,0.548914979717572,Software & Aplicação,41.53649984061205,Empresa,25
Infineon,5631,1999,2025,1.2963949564908543,0.1544143460422141,Chips & Hardware,92.22008060276853,Empresa,26
AMD,5459,1977,2025,4.762777065396593,0.5672971051112375,Chips & Hardware,71.56981786643539,Empresa,27
Fujifilm,5374,1977,2025,3.7774469668775588,0.44993387252788064,Software & Aplicação,64.57624081705788,Empresa,28
Meta,5284,2010,2025,30.147615442846327,3.5908997485922507,Software & Aplicação,56.20034052213394,Empresa,29
Oracle,5063,1995,2025,12.403713213509777,1.4774133876174131,Cloud & Compute,48.070543041732144,Empresa,30
Renesas,4963,2003,2025,1.0880515817046141,0.12959844730026912,Chips & Hardware,88.52818163712408,Empresa,31
Toyota,4930,1980,2025,8.133874239350913,0.9688304209843194,Software & Aplicação,47.0918271928184,Empresa,32
ASML,4834,1988,2025,2.3789822093504345,0.2833619340029425,Chips & Hardware,96.95625881878654,Empresa,33
Huawei,4740,2008,2025,9.873417721518987,1.1760284418236375,Cloud & Compute,45.01239748235743,Empresa,34
Adobe,4669,1993,2025,20.004283572499464,2.3827216778533518,Software & Aplicação,71.97792415880363,Empresa,35
GE,4588,1976,2025,4.94768962510898,0.5893221460449583,Software & Aplicação,43.10917393109174,Empresa,36
Cisco,4520,1998,2025,8.29646017699115,0.9881961251709005,Cloud & Compute,63.82252559726962,Empresa,37
Philips,4443,1976,2025,3.916272788656313,0.4664694957007486,Software & Aplicação,61.61506819657935,Empresa,38
Sumitomo Electric,4382,1976,2025,1.3920584208124145,0.1658088760883132,Chips & Hardware,63.76518218623482,Empresa,39
Dell,4344,1991,2025,11.049723756906078,1.3161389276677629,Infra Física,35.55967841682127,Empresa,40
SAP,3978,2000,2025,11.412770236299648,1.359381601837239,Software & Aplicação,55.0303848750844,Empresa,41
Winbond,3822,1992,2025,1.2035583464154893,0.14335652422503656,Chips & Hardware,96.28003099974167,Empresa,42
Semiconductor Energy Lab,3809,1985,2025,4.279338409031242,0.5097144497634813,Chips & Hardware,83.70055082623936,Empresa,43
Tencent,3776,2006,2025,17.531779661016948,2.0882203203258296,Software & Aplicação,48.197596795727634,Empresa,44
LG Electronics,3663,1991,2025,8.981708981708982,1.0698165029168387,Software & Aplicação,44.93765586034913,Empresa,45
GlobalFoundries,3587,2009,2025,0.8642319487036522,0.10293916257518564,Chips & Hardware,94.83425414364642,Empresa,46
Motorola,3580,1976,2025,3.7150837988826817,0.44250575985678847,Chips & Hardware,53.21842176137894,Empresa,47
VMware,3464,2002,2025,7.736720554272518,0.9215252180038661,Cloud & Compute,85.55021367521367,Empresa,48
Ricoh,3377,1976,2025,4.797157240153982,0.5713921474248466,Software & Aplicação,63.22325712672876,Empresa,49
EMC,3375,1994,2025,8.681481481481482,1.0340562333482144,Cloud & Compute,66.45004061738425,Empresa,50
Seiko Epson,3230,1987,2025,1.5479876160990713,0.18438169187915254,Chips & Hardware,42.46951219512195,Empresa,51
Sharp,3178,1976,2025,1.195720578980491,0.14242296325517423,Chips & Hardware,50.435052827843386,Empresa,52
Capital One,3151,2004,2025,28.784512853062523,3.4285398181281126,Software & Aplicação,44.0837450011762,Empresa,53
Nikon,3101,1989,2025,0.4837149306675266,0.05761556253818084,Chips & Hardware,86.64955070603338,Empresa,54
STMicroelectronics,3052,1988,2025,4.3577981651376145,0.5190598362671371,Chips & Hardware,75.44406357120599,Empresa,55
NVIDIA,2946,1998,2025,21.860149355057708,2.6037749145394624,Software & Aplicação,57.18538565629229,Empresa,56
Xerox,2790,1976,2025,3.512544802867384,0.4183812239958921,Software & Aplicação,77.41265997924593,Empresa,57
Nokia,2743,1992,2025,6.562158220925994,0.7816224255088537,Cloud & Compute,45.49488054607508,Empresa,58
Denso,2705,1976,2025,4.510166358595194,0.5372084990898252,Chips & Hardware,33.07447935051183,Empresa,59
Ericsson,2690,1979,2025,4.200743494423792,0.5003529644533226,Cloud & Compute,66.58362989323844,Empresa,60
SanDisk,2661,1996,2025,2.2923712889891017,0.2730456576546368,Chips & Hardware,89.62229556288962,Empresa,61
Bank of America,2634,2006,2025,22.247532270311314,2.649916315527884,Software & Aplicação,43.09764309764309,Empresa,62
Bosch,2463,1976,2025,10.962241169305726,1.3057188265351924,Software & Aplicação,36.67883211678832,Empresa,63
Kioxia,2441,2017,2025,3.68701351904957,0.4391622927428893,Chips & Hardware,82.35294117647058,Empresa,64
Honda,2398,1983,2025,6.046705587989991,0.7202265670692334,Software & Aplicação,59.04986258343149,Empresa,65
BOE,2369,2013,2025,6.796116504854369,0.8094893307548813,Software & Aplicação,52.08825847123719,Empresa,66
ETRI,2357,1987,2025,11.667373780229106,1.3897075758307786,Software & Aplicação,45.06777108433735,Instituto,67
Verizon,2335,2001,2025,9.892933618843683,1.1783529915356923,Cloud & Compute,50.503875968992254,Empresa,68
Ford,2307,1977,2025,9.752925877763328,1.1616765892776255,Software & Aplicação,47.67350157728706,Empresa,69
General Motors,2279,1976,2025,7.152259763053971,0.8519097582927162,Software & Aplicação,51.24744376278119,Empresa,70
Salesforce,2273,2007,2025,25.560932688077433,3.044577337713806,Software & Aplicação,40.527411519777935,Empresa,71
Snap,2269,2014,2025,23.35830762450419,2.782221404388905,Software & Aplicação,67.87601268052131,Empresa,72
Honeywell,2254,1976,2025,6.16681455190772,0.7345328145783773,Software & Aplicação,43.40407823553891,Empresa,73
BlackBerry,2243,1998,2025,5.974141774409273,0.7115834496579116,Software & Aplicação,44.97265460664703,Empresa,74
Baidu,2235,2015,2025,29.038031319910512,3.458736547968779,Software & Aplicação,50.08477449983045,Empresa,75
Boeing,2113,1978,2025,7.4775201135825835,0.8906517050033762,Software & Aplicação,57.14914210294765,Empresa,76
Red Hat,2080,2005,2025,6.346153846153846,0.7558940206691872,Cloud & Compute,82.67148014440433,Empresa,77
Lam Research,2029,1984,2025,0.6407097092163627,0.07631530056190847,Chips & Hardware,98.33659491193738,Empresa,78
Accenture,2006,2004,2025,26.370887337986044,3.1410515001311223,Software & Aplicação,52.727981293842554,Empresa,79
Shin-Etsu,1956,1977,2025,0.3067484662576687,0.03653698556869096,Chips & Hardware,99.54128440366972,Empresa,80
Broadcom,1852,2000,2025,4.751619870410368,0.5659681652238695,Chips & Hardware,33.744855967078195,Empresa,81
Hon Hai,1795,1999,2025,6.128133704735376,0.7299255167093358,Infra Física,39.21465968586387,Empresa,82
STATS ChipPAC,1692,2005,2025,0.0,0.0,Chips & Hardware,99.94089834515366,Empresa,83
