org,cam_ct,cam_cd,n
AMD,Chips & Hardware,Chips & Hardware,16980
AMD,Chips & Hardware,Cloud & Compute,99
AMD,Chips & Hardware,Infra Física,336
AMD,Chips & Hardware,Modelos de IA,72
AMD,Chips & Hardware,Software & Aplicação,199
AMD,Cloud & Compute,Chips & Hardware,54
AMD,Cloud & Compute,Cloud & Compute,467
AMD,Cloud & Compute,Infra Física,229
AMD,Cloud & Compute,Modelos de IA,16
AMD,Cloud & Compute,Software & Aplicação,119
AMD,Infra Física,Chips & Hardware,417
AMD,Infra Física,Cloud & Compute,211
AMD,Infra Física,Infra Física,1842
AMD,Infra Física,Modelos de IA,15
AMD,Infra Física,Software & Aplicação,92
AMD,Modelos de IA,Chips & Hardware,45
AMD,Modelos de IA,Cloud & Compute,31
AMD,Modelos de IA,Infra Física,58
AMD,Modelos de IA,Modelos de IA,103
AMD,Modelos de IA,Software & Aplicação,80
AMD,Software & Aplicação,Chips & Hardware,111
AMD,Software & Aplicação,Cloud & Compute,139
AMD,Software & Aplicação,Infra Física,135
AMD,Software & Aplicação,Modelos de IA,67
AMD,Software & Aplicação,Software & Aplicação,1449
ASML,Chips & Hardware,Chips & Hardware,32515
ASML,Chips & Hardware,Cloud & Compute,2
ASML,Chips & Hardware,Infra Física,46
ASML,Chips & Hardware,Modelos de IA,127
ASML,Chips & Hardware,Software & Aplicação,573
ASML,Infra Física,Chips & Hardware,24
ASML,Infra Física,Infra Física,5
ASML,Modelos de IA,Chips & Hardware,237
ASML,Modelos de IA,Modelos de IA,40
ASML,Modelos de IA,Software & Aplicação,31
ASML,Software & Aplicação,Chips & Hardware,557
ASML,Software & Aplicação,Modelos de IA,9
ASML,Software & Aplicação,Software & Aplicação,182
AT&T,Chips & Hardware,Chips & Hardware,23
AT&T,Chips & Hardware,Cloud & Compute,7
AT&T,Chips & Hardware,Infra Física,1
AT&T,Chips & Hardware,Modelos de IA,3
AT&T,Chips & Hardware,Software & Aplicação,7
AT&T,Cloud & Compute,Chips & Hardware,96
AT&T,Cloud & Compute,Cloud & Compute,10130
AT&T,Cloud & Compute,Infra Física,500
AT&T,Cloud & Compute,Modelos de IA,350
AT&T,Cloud & Compute,Software & Aplicação,4067
AT&T,Infra Física,Chips & Hardware,232
AT&T,Infra Física,Cloud & Compute,1481
AT&T,Infra Física,Infra Física,1643
AT&T,Infra Física,Modelos de IA,4
AT&T,Infra Física,Software & Aplicação,674
AT&T,Modelos de IA,Chips & Hardware,7
AT&T,Modelos de IA,Cloud & Compute,360
AT&T,Modelos de IA,Infra Física,6
AT&T,Modelos de IA,Modelos de IA,390
AT&T,Modelos de IA,Software & Aplicação,755
AT&T,Software & Aplicação,Chips & Hardware,32
AT&T,Software & Aplicação,Cloud & Compute,2823
AT&T,Software & Aplicação,Infra Física,126
AT&T,Software & Aplicação,Modelos de IA,565
AT&T,Software & Aplicação,Software & Aplicação,16233
Accenture,Chips & Hardware,Chips & Hardware,2
Accenture,Chips & Hardware,Cloud & Compute,4
Accenture,Chips & Hardware,Modelos de IA,8
Accenture,Chips & Hardware,Software & Aplicação,3
Accenture,Cloud & Compute,Chips & Hardware,2
Accenture,Cloud & Compute,Cloud & Compute,1060
Accenture,Cloud & Compute,Infra Física,64
Accenture,Cloud & Compute,Modelos de IA,65
Accenture,Cloud & Compute,Software & Aplicação,602
Accenture,Infra Física,Cloud & Compute,67
Accenture,Infra Física,Infra Física,80
Accenture,Infra Física,Modelos de IA,1
Accenture,Infra Física,Software & Aplicação,54
Accenture,Modelos de IA,Chips & Hardware,14
Accenture,Modelos de IA,Cloud & Compute,244
Accenture,Modelos de IA,Infra Física,5
Accenture,Modelos de IA,Modelos de IA,701
Accenture,Modelos de IA,Software & Aplicação,1144
Accenture,Software & Aplicação,Chips & Hardware,13
Accenture,Software & Aplicação,Cloud & Compute,918
Accenture,Software & Aplicação,Infra Física,68
Accenture,Software & Aplicação,Modelos de IA,722
Accenture,Software & Aplicação,Software & Aplicação,5002
Adobe,Chips & Hardware,Chips & Hardware,4
Adobe,Chips & Hardware,Cloud & Compute,3
Adobe,Chips & Hardware,Modelos de IA,16
Adobe,Chips & Hardware,Software & Aplicação,14
Adobe,Cloud & Compute,Chips & Hardware,2
Adobe,Cloud & Compute,Cloud & Compute,1094
Adobe,Cloud & Compute,Infra Física,9
Adobe,Cloud & Compute,Modelos de IA,99
Adobe,Cloud & Compute,Software & Aplicação,690
Adobe,Infra Física,Cloud & Compute,16
Adobe,Infra Física,Infra Física,3
Adobe,Infra Física,Software & Aplicação,2
Adobe,Modelos de IA,Chips & Hardware,40
Adobe,Modelos de IA,Cloud & Compute,200
Adobe,Modelos de IA,Modelos de IA,1273
Adobe,Modelos de IA,Software & Aplicação,2380
Adobe,Software & Aplicação,Chips & Hardware,117
Adobe,Software & Aplicação,Cloud & Compute,929
Adobe,Software & Aplicação,Infra Física,16
Adobe,Software & Aplicação,Modelos de IA,1833
Adobe,Software & Aplicação,Software & Aplicação,17631
Amazon,Chips & Hardware,Chips & Hardware,575
Amazon,Chips & Hardware,Cloud & Compute,368
Amazon,Chips & Hardware,Infra Física,151
Amazon,Chips & Hardware,Modelos de IA,408
Amazon,Chips & Hardware,Software & Aplicação,145
Amazon,Cloud & Compute,Chips & Hardware,305
Amazon,Cloud & Compute,Cloud & Compute,76651
Amazon,Cloud & Compute,Infra Física,1658
Amazon,Cloud & Compute,Modelos de IA,986
Amazon,Cloud & Compute,Software & Aplicação,9422
Amazon,Infra Física,Chips & Hardware,206
Amazon,Infra Física,Cloud & Compute,965
Amazon,Infra Física,Infra Física,2683
Amazon,Infra Física,Modelos de IA,26
Amazon,Infra Física,Software & Aplicação,227
Amazon,Modelos de IA,Chips & Hardware,399
Amazon,Modelos de IA,Cloud & Compute,1155
Amazon,Modelos de IA,Infra Física,111
Amazon,Modelos de IA,Modelos de IA,2063
Amazon,Modelos de IA,Software & Aplicação,2803
Amazon,Software & Aplicação,Chips & Hardware,151
Amazon,Software & Aplicação,Cloud & Compute,5380
Amazon,Software & Aplicação,Infra Física,303
Amazon,Software & Aplicação,Modelos de IA,1866
Amazon,Software & Aplicação,Software & Aplicação,22813
Apple,Chips & Hardware,Chips & Hardware,6853
Apple,Chips & Hardware,Cloud & Compute,131
Apple,Chips & Hardware,Infra Física,711
Apple,Chips & Hardware,Modelos de IA,179
Apple,Chips & Hardware,Software & Aplicação,892
Apple,Cloud & Compute,Chips & Hardware,131
Apple,Cloud & Compute,Cloud & Compute,10654
Apple,Cloud & Compute,Infra Física,1518
Apple,Cloud & Compute,Modelos de IA,1962
Apple,Cloud & Compute,Software & Aplicação,24762
Apple,Infra Física,Chips & Hardware,1643
Apple,Infra Física,Cloud & Compute,1793
Apple,Infra Física,Infra Física,11872
Apple,Infra Física,Modelos de IA,587
Apple,Infra Física,Software & Aplicação,6810
Apple,Modelos de IA,Chips & Hardware,151
Apple,Modelos de IA,Cloud & Compute,2679
Apple,Modelos de IA,Infra Física,566
Apple,Modelos de IA,Modelos de IA,2412
Apple,Modelos de IA,Software & Aplicação,24927
Apple,Software & Aplicação,Chips & Hardware,782
Apple,Software & Aplicação,Cloud & Compute,25492
Apple,Software & Aplicação,Infra Física,3279
Apple,Software & Aplicação,Modelos de IA,17008
Apple,Software & Aplicação,Software & Aplicação,249040
Applied Materials,Chips & Hardware,Chips & Hardware,136276
Applied Materials,Chips & Hardware,Cloud & Compute,34
Applied Materials,Chips & Hardware,Infra Física,219
Applied Materials,Chips & Hardware,Modelos de IA,77
Applied Materials,Chips & Hardware,Software & Aplicação,714
Applied Materials,Cloud & Compute,Chips & Hardware,190
Applied Materials,Cloud & Compute,Cloud & Compute,18
Applied Materials,Cloud & Compute,Infra Física,4
Applied Materials,Cloud & Compute,Modelos de IA,3
Applied Materials,Cloud & Compute,Software & Aplicação,59
Applied Materials,Infra Física,Chips & Hardware,122
Applied Materials,Infra Física,Cloud & Compute,6
Applied Materials,Infra Física,Infra Física,19
Applied Materials,Infra Física,Software & Aplicação,5
Applied Materials,Modelos de IA,Chips & Hardware,225
Applied Materials,Modelos de IA,Cloud & Compute,8
Applied Materials,Modelos de IA,Infra Física,2
Applied Materials,Modelos de IA,Modelos de IA,108
Applied Materials,Modelos de IA,Software & Aplicação,148
Applied Materials,Software & Aplicação,Chips & Hardware,630
Applied Materials,Software & Aplicação,Cloud & Compute,10
Applied Materials,Software & Aplicação,Infra Física,1
Applied Materials,Software & Aplicação,Modelos de IA,84
Applied Materials,Software & Aplicação,Software & Aplicação,798
BOE,Chips & Hardware,Chips & Hardware,553
BOE,Chips & Hardware,Infra Física,2
BOE,Chips & Hardware,Modelos de IA,5
BOE,Chips & Hardware,Software & Aplicação,18
BOE,Cloud & Compute,Chips & Hardware,1
BOE,Cloud & Compute,Cloud & Compute,81
BOE,Cloud & Compute,Infra Física,3
BOE,Cloud & Compute,Modelos de IA,5
BOE,Cloud & Compute,Software & Aplicação,21
BOE,Infra Física,Chips & Hardware,18
BOE,Infra Física,Cloud & Compute,3
BOE,Infra Física,Infra Física,129
BOE,Infra Física,Modelos de IA,3
BOE,Infra Física,Software & Aplicação,6
BOE,Modelos de IA,Chips & Hardware,2
BOE,Modelos de IA,Cloud & Compute,6
BOE,Modelos de IA,Modelos de IA,64
BOE,Modelos de IA,Software & Aplicação,170
BOE,Software & Aplicação,Chips & Hardware,45
BOE,Software & Aplicação,Cloud & Compute,36
BOE,Software & Aplicação,Infra Física,13
BOE,Software & Aplicação,Modelos de IA,112
BOE,Software & Aplicação,Software & Aplicação,1197
Baidu,Chips & Hardware,Chips & Hardware,60
Baidu,Chips & Hardware,Cloud & Compute,21
Baidu,Chips & Hardware,Infra Física,45
Baidu,Chips & Hardware,Modelos de IA,32
Baidu,Chips & Hardware,Software & Aplicação,21
Baidu,Cloud & Compute,Chips & Hardware,14
Baidu,Cloud & Compute,Cloud & Compute,229
Baidu,Cloud & Compute,Infra Física,16
Baidu,Cloud & Compute,Modelos de IA,50
Baidu,Cloud & Compute,Software & Aplicação,106
Baidu,Infra Física,Chips & Hardware,205
Baidu,Infra Física,Cloud & Compute,29
Baidu,Infra Física,Infra Física,829
Baidu,Infra Física,Modelos de IA,27
Baidu,Infra Física,Software & Aplicação,62
Baidu,Modelos de IA,Chips & Hardware,32
Baidu,Modelos de IA,Cloud & Compute,121
Baidu,Modelos de IA,Infra Física,16
Baidu,Modelos de IA,Modelos de IA,407
Baidu,Modelos de IA,Software & Aplicação,702
Baidu,Software & Aplicação,Chips & Hardware,18
Baidu,Software & Aplicação,Cloud & Compute,131
Baidu,Software & Aplicação,Infra Física,18
Baidu,Software & Aplicação,Modelos de IA,490
Baidu,Software & Aplicação,Software & Aplicação,2008
Bank of America,Chips & Hardware,Chips & Hardware,6
Bank of America,Chips & Hardware,Cloud & Compute,34
Bank of America,Chips & Hardware,Modelos de IA,37
Bank of America,Chips & Hardware,Software & Aplicação,26
Bank of America,Cloud & Compute,Chips & Hardware,59
Bank of America,Cloud & Compute,Cloud & Compute,3306
Bank of America,Cloud & Compute,Infra Física,170
Bank of America,Cloud & Compute,Modelos de IA,998
Bank of America,Cloud & Compute,Software & Aplicação,3240
Bank of America,Infra Física,Chips & Hardware,2
Bank of America,Infra Física,Cloud & Compute,48
Bank of America,Infra Física,Infra Física,18
Bank of America,Infra Física,Modelos de IA,13
Bank of America,Infra Física,Software & Aplicação,10
Bank of America,Modelos de IA,Chips & Hardware,106
Bank of America,Modelos de IA,Cloud & Compute,1844
Bank of America,Modelos de IA,Infra Física,118
Bank of America,Modelos de IA,Modelos de IA,2207
Bank of America,Modelos de IA,Software & Aplicação,3192
Bank of America,Software & Aplicação,Chips & Hardware,55
Bank of America,Software & Aplicação,Cloud & Compute,1883
Bank of America,Software & Aplicação,Infra Física,138
Bank of America,Software & Aplicação,Modelos de IA,1605
Bank of America,Software & Aplicação,Software & Aplicação,7783
BlackBerry,Chips & Hardware,Chips & Hardware,37
BlackBerry,Chips & Hardware,Cloud & Compute,5
BlackBerry,Chips & Hardware,Infra Física,10
BlackBerry,Chips & Hardware,Modelos de IA,1
BlackBerry,Cloud & Compute,Chips & Hardware,41
BlackBerry,Cloud & Compute,Cloud & Compute,3838
BlackBerry,Cloud & Compute,Infra Física,101
BlackBerry,Cloud & Compute,Modelos de IA,19
BlackBerry,Cloud & Compute,Software & Aplicação,2669
BlackBerry,Infra Física,Chips & Hardware,4
BlackBerry,Infra Física,Cloud & Compute,26
BlackBerry,Infra Física,Infra Física,1064
BlackBerry,Infra Física,Software & Aplicação,24
BlackBerry,Modelos de IA,Chips & Hardware,2
BlackBerry,Modelos de IA,Cloud & Compute,24
BlackBerry,Modelos de IA,Infra Física,1
BlackBerry,Modelos de IA,Modelos de IA,26
BlackBerry,Modelos de IA,Software & Aplicação,62
BlackBerry,Software & Aplicação,Chips & Hardware,42
BlackBerry,Software & Aplicação,Cloud & Compute,1443
BlackBerry,Software & Aplicação,Infra Física,67
BlackBerry,Software & Aplicação,Modelos de IA,33
BlackBerry,Software & Aplicação,Software & Aplicação,4559
Boeing,Chips & Hardware,Chips & Hardware,177
Boeing,Chips & Hardware,Cloud & Compute,1
Boeing,Chips & Hardware,Infra Física,13
Boeing,Chips & Hardware,Modelos de IA,10
Boeing,Chips & Hardware,Software & Aplicação,1
Boeing,Cloud & Compute,Chips & Hardware,13
Boeing,Cloud & Compute,Cloud & Compute,543
Boeing,Cloud & Compute,Infra Física,72
Boeing,Cloud & Compute,Modelos de IA,39
Boeing,Cloud & Compute,Software & Aplicação,275
Boeing,Infra Física,Chips & Hardware,64
Boeing,Infra Física,Cloud & Compute,31
Boeing,Infra Física,Infra Física,559
Boeing,Infra Física,Modelos de IA,2
Boeing,Infra Física,Software & Aplicação,29
Boeing,Modelos de IA,Chips & Hardware,16
Boeing,Modelos de IA,Cloud & Compute,40
Boeing,Modelos de IA,Infra Física,5
Boeing,Modelos de IA,Modelos de IA,184
Boeing,Modelos de IA,Software & Aplicação,259
Boeing,Software & Aplicação,Chips & Hardware,29
Boeing,Software & Aplicação,Cloud & Compute,196
Boeing,Software & Aplicação,Infra Física,29
Boeing,Software & Aplicação,Modelos de IA,214
Boeing,Software & Aplicação,Software & Aplicação,3286
Bosch,Chips & Hardware,Chips & Hardware,539
Bosch,Chips & Hardware,Cloud & Compute,1
Bosch,Chips & Hardware,Infra Física,33
Bosch,Chips & Hardware,Modelos de IA,13
Bosch,Chips & Hardware,Software & Aplicação,7
Bosch,Cloud & Compute,Chips & Hardware,1
Bosch,Cloud & Compute,Cloud & Compute,136
Bosch,Cloud & Compute,Infra Física,13
Bosch,Cloud & Compute,Modelos de IA,11
Bosch,Cloud & Compute,Software & Aplicação,77
Bosch,Infra Física,Chips & Hardware,79
Bosch,Infra Física,Cloud & Compute,4
Bosch,Infra Física,Infra Física,1163
Bosch,Infra Física,Modelos de IA,7
Bosch,Infra Física,Software & Aplicação,19
Bosch,Modelos de IA,Chips & Hardware,16
Bosch,Modelos de IA,Cloud & Compute,29
Bosch,Modelos de IA,Infra Física,8
Bosch,Modelos de IA,Modelos de IA,247
Bosch,Modelos de IA,Software & Aplicação,272
Bosch,Software & Aplicação,Chips & Hardware,20
Bosch,Software & Aplicação,Cloud & Compute,59
Bosch,Software & Aplicação,Infra Física,17
Bosch,Software & Aplicação,Modelos de IA,244
Bosch,Software & Aplicação,Software & Aplicação,1510
Broadcom,Chips & Hardware,Chips & Hardware,7864
Broadcom,Chips & Hardware,Cloud & Compute,19
Broadcom,Chips & Hardware,Infra Física,188
Broadcom,Chips & Hardware,Modelos de IA,2
Broadcom,Chips & Hardware,Software & Aplicação,27
Broadcom,Cloud & Compute,Chips & Hardware,40
Broadcom,Cloud & Compute,Cloud & Compute,1258
Broadcom,Cloud & Compute,Infra Física,66
Broadcom,Cloud & Compute,Modelos de IA,7
Broadcom,Cloud & Compute,Software & Aplicação,458
Broadcom,Infra Física,Chips & Hardware,175
Broadcom,Infra Física,Cloud & Compute,114
Broadcom,Infra Física,Infra Física,736
Broadcom,Infra Física,Modelos de IA,10
Broadcom,Infra Física,Software & Aplicação,44
Broadcom,Modelos de IA,Chips & Hardware,7
Broadcom,Modelos de IA,Cloud & Compute,16
Broadcom,Modelos de IA,Infra Física,2
Broadcom,Modelos de IA,Modelos de IA,12
Broadcom,Modelos de IA,Software & Aplicação,14
Broadcom,Software & Aplicação,Chips & Hardware,202
Broadcom,Software & Aplicação,Cloud & Compute,158
Broadcom,Software & Aplicação,Infra Física,89
Broadcom,Software & Aplicação,Modelos de IA,9
Broadcom,Software & Aplicação,Software & Aplicação,4129
Canon,Chips & Hardware,Chips & Hardware,12606
Canon,Chips & Hardware,Cloud & Compute,6
Canon,Chips & Hardware,Infra Física,31
Canon,Chips & Hardware,Modelos de IA,63
Canon,Chips & Hardware,Software & Aplicação,184
Canon,Cloud & Compute,Chips & Hardware,15
Canon,Cloud & Compute,Cloud & Compute,1170
Canon,Cloud & Compute,Infra Física,90
Canon,Cloud & Compute,Modelos de IA,24
Canon,Cloud & Compute,Software & Aplicação,434
Canon,Infra Física,Chips & Hardware,100
Canon,Infra Física,Cloud & Compute,70
Canon,Infra Física,Infra Física,1340
Canon,Infra Física,Modelos de IA,10
Canon,Infra Física,Software & Aplicação,54
Canon,Modelos de IA,Chips & Hardware,70
Canon,Modelos de IA,Cloud & Compute,26
Canon,Modelos de IA,Infra Física,6
Canon,Modelos de IA,Modelos de IA,303
Canon,Modelos de IA,Software & Aplicação,624
Canon,Software & Aplicação,Chips & Hardware,319
Canon,Software & Aplicação,Cloud & Compute,447
Canon,Software & Aplicação,Infra Física,63
Canon,Software & Aplicação,Modelos de IA,540
Canon,Software & Aplicação,Software & Aplicação,17527
Capital One,Chips & Hardware,Chips & Hardware,40
Capital One,Chips & Hardware,Cloud & Compute,86
Capital One,Chips & Hardware,Infra Física,1
Capital One,Chips & Hardware,Modelos de IA,148
Capital One,Chips & Hardware,Software & Aplicação,331
Capital One,Cloud & Compute,Chips & Hardware,16
Capital One,Cloud & Compute,Cloud & Compute,1502
Capital One,Cloud & Compute,Infra Física,19
Capital One,Cloud & Compute,Modelos de IA,358
Capital One,Cloud & Compute,Software & Aplicação,1182
Capital One,Infra Física,Chips & Hardware,15
Capital One,Infra Física,Cloud & Compute,22
Capital One,Infra Física,Infra Física,132
Capital One,Infra Física,Modelos de IA,1
Capital One,Infra Física,Software & Aplicação,107
Capital One,Modelos de IA,Chips & Hardware,39
Capital One,Modelos de IA,Cloud & Compute,747
Capital One,Modelos de IA,Infra Física,23
Capital One,Modelos de IA,Modelos de IA,1631
Capital One,Modelos de IA,Software & Aplicação,2775
Capital One,Software & Aplicação,Chips & Hardware,43
Capital One,Software & Aplicação,Cloud & Compute,1039
Capital One,Software & Aplicação,Infra Física,11
Capital One,Software & Aplicação,Modelos de IA,1144
Capital One,Software & Aplicação,Software & Aplicação,5829
Cisco,Chips & Hardware,Chips & Hardware,549
Cisco,Chips & Hardware,Cloud & Compute,18
Cisco,Chips & Hardware,Infra Física,139
Cisco,Chips & Hardware,Modelos de IA,5
Cisco,Chips & Hardware,Software & Aplicação,4
Cisco,Cloud & Compute,Chips & Hardware,44
Cisco,Cloud & Compute,Cloud & Compute,21061
Cisco,Cloud & Compute,Infra Física,536
Cisco,Cloud & Compute,Modelos de IA,1154
Cisco,Cloud & Compute,Software & Aplicação,3332
Cisco,Infra Física,Chips & Hardware,304
Cisco,Infra Física,Cloud & Compute,408
Cisco,Infra Física,Infra Física,1845
Cisco,Infra Física,Modelos de IA,15
Cisco,Infra Física,Software & Aplicação,56
Cisco,Modelos de IA,Chips & Hardware,22
Cisco,Modelos de IA,Cloud & Compute,4110
Cisco,Modelos de IA,Infra Física,149
Cisco,Modelos de IA,Modelos de IA,1220
Cisco,Modelos de IA,Software & Aplicação,1002
Cisco,Software & Aplicação,Chips & Hardware,10
Cisco,Software & Aplicação,Cloud & Compute,4541
Cisco,Software & Aplicação,Infra Física,124
Cisco,Software & Aplicação,Modelos de IA,878
Cisco,Software & Aplicação,Software & Aplicação,2999
Dell,Chips & Hardware,Chips & Hardware,391
Dell,Chips & Hardware,Cloud & Compute,28
Dell,Chips & Hardware,Infra Física,270
Dell,Chips & Hardware,Modelos de IA,9
Dell,Chips & Hardware,Software & Aplicação,13
Dell,Cloud & Compute,Chips & Hardware,34
Dell,Cloud & Compute,Cloud & Compute,3008
Dell,Cloud & Compute,Infra Física,335
Dell,Cloud & Compute,Modelos de IA,223
Dell,Cloud & Compute,Software & Aplicação,524
Dell,Infra Física,Chips & Hardware,1051
Dell,Infra Física,Cloud & Compute,313
Dell,Infra Física,Infra Física,6470
Dell,Infra Física,Modelos de IA,37
Dell,Infra Física,Software & Aplicação,194
Dell,Modelos de IA,Chips & Hardware,15
Dell,Modelos de IA,Cloud & Compute,293
Dell,Modelos de IA,Infra Física,75
Dell,Modelos de IA,Modelos de IA,389
Dell,Modelos de IA,Software & Aplicação,435
Dell,Software & Aplicação,Chips & Hardware,49
Dell,Software & Aplicação,Cloud & Compute,446
Dell,Software & Aplicação,Infra Física,168
Dell,Software & Aplicação,Modelos de IA,297
Dell,Software & Aplicação,Software & Aplicação,1715
Denso,Chips & Hardware,Chips & Hardware,1978
Denso,Chips & Hardware,Infra Física,238
Denso,Chips & Hardware,Modelos de IA,28
Denso,Chips & Hardware,Software & Aplicação,10
Denso,Cloud & Compute,Chips & Hardware,1
Denso,Cloud & Compute,Cloud & Compute,123
Denso,Cloud & Compute,Infra Física,15
Denso,Cloud & Compute,Modelos de IA,2
Denso,Cloud & Compute,Software & Aplicação,19
Denso,Infra Física,Chips & Hardware,372
Denso,Infra Física,Cloud & Compute,12
Denso,Infra Física,Infra Física,1325
Denso,Infra Física,Modelos de IA,4
Denso,Infra Física,Software & Aplicação,5
Denso,Modelos de IA,Chips & Hardware,27
Denso,Modelos de IA,Cloud & Compute,3
Denso,Modelos de IA,Infra Física,2
Denso,Modelos de IA,Modelos de IA,45
Denso,Modelos de IA,Software & Aplicação,27
Denso,Software & Aplicação,Chips & Hardware,7
Denso,Software & Aplicação,Cloud & Compute,51
Denso,Software & Aplicação,Infra Física,1
Denso,Software & Aplicação,Modelos de IA,40
Denso,Software & Aplicação,Software & Aplicação,1035
EMC,Chips & Hardware,Chips & Hardware,110
EMC,Chips & Hardware,Cloud & Compute,30
EMC,Chips & Hardware,Infra Física,23
EMC,Chips & Hardware,Modelos de IA,15
EMC,Chips & Hardware,Software & Aplicação,8
EMC,Cloud & Compute,Chips & Hardware,71
EMC,Cloud & Compute,Cloud & Compute,6619
EMC,Cloud & Compute,Infra Física,178
EMC,Cloud & Compute,Modelos de IA,426
EMC,Cloud & Compute,Software & Aplicação,750
EMC,Infra Física,Chips & Hardware,87
EMC,Infra Física,Cloud & Compute,224
EMC,Infra Física,Infra Física,396
EMC,Infra Física,Modelos de IA,25
EMC,Infra Física,Software & Aplicação,35
EMC,Modelos de IA,Chips & Hardware,19
EMC,Modelos de IA,Cloud & Compute,614
EMC,Modelos de IA,Infra Física,22
EMC,Modelos de IA,Modelos de IA,411
EMC,Modelos de IA,Software & Aplicação,311
EMC,Software & Aplicação,Chips & Hardware,8
EMC,Software & Aplicação,Cloud & Compute,405
EMC,Software & Aplicação,Infra Física,25
EMC,Software & Aplicação,Modelos de IA,171
EMC,Software & Aplicação,Software & Aplicação,829
ETRI,Chips & Hardware,Chips & Hardware,630
ETRI,Chips & Hardware,Cloud & Compute,9
ETRI,Chips & Hardware,Infra Física,20
ETRI,Chips & Hardware,Modelos de IA,86
ETRI,Chips & Hardware,Software & Aplicação,33
ETRI,Cloud & Compute,Chips & Hardware,14
ETRI,Cloud & Compute,Cloud & Compute,511
ETRI,Cloud & Compute,Infra Física,32
ETRI,Cloud & Compute,Modelos de IA,42
ETRI,Cloud & Compute,Software & Aplicação,80
ETRI,Infra Física,Chips & Hardware,25
ETRI,Infra Física,Cloud & Compute,28
ETRI,Infra Física,Infra Física,308
ETRI,Infra Física,Modelos de IA,3
ETRI,Infra Física,Software & Aplicação,9
ETRI,Modelos de IA,Chips & Hardware,116
ETRI,Modelos de IA,Cloud & Compute,56
ETRI,Modelos de IA,Infra Física,10
ETRI,Modelos de IA,Modelos de IA,384
ETRI,Modelos de IA,Software & Aplicação,343
ETRI,Software & Aplicação,Chips & Hardware,52
ETRI,Software & Aplicação,Cloud & Compute,64
ETRI,Software & Aplicação,Infra Física,5
ETRI,Software & Aplicação,Modelos de IA,267
ETRI,Software & Aplicação,Software & Aplicação,2151
Ericsson,Chips & Hardware,Chips & Hardware,224
Ericsson,Chips & Hardware,Infra Física,22
Ericsson,Chips & Hardware,Software & Aplicação,2
Ericsson,Cloud & Compute,Chips & Hardware,5
Ericsson,Cloud & Compute,Cloud & Compute,1831
Ericsson,Cloud & Compute,Infra Física,79
Ericsson,Cloud & Compute,Modelos de IA,39
Ericsson,Cloud & Compute,Software & Aplicação,270
Ericsson,Infra Física,Chips & Hardware,35
Ericsson,Infra Física,Cloud & Compute,50
Ericsson,Infra Física,Infra Física,248
Ericsson,Infra Física,Modelos de IA,3
Ericsson,Infra Física,Software & Aplicação,17
Ericsson,Modelos de IA,Chips & Hardware,1
Ericsson,Modelos de IA,Cloud & Compute,45
Ericsson,Modelos de IA,Infra Física,5
Ericsson,Modelos de IA,Modelos de IA,80
Ericsson,Modelos de IA,Software & Aplicação,49
Ericsson,Software & Aplicação,Chips & Hardware,1
Ericsson,Software & Aplicação,Cloud & Compute,70
Ericsson,Software & Aplicação,Infra Física,3
Ericsson,Software & Aplicação,Modelos de IA,41
Ericsson,Software & Aplicação,Software & Aplicação,910
Ford,Chips & Hardware,Chips & Hardware,121
Ford,Chips & Hardware,Cloud & Compute,3
Ford,Chips & Hardware,Infra Física,51
Ford,Chips & Hardware,Modelos de IA,4
Ford,Chips & Hardware,Software & Aplicação,8
Ford,Cloud & Compute,Cloud & Compute,345
Ford,Cloud & Compute,Infra Física,43
Ford,Cloud & Compute,Modelos de IA,20
Ford,Cloud & Compute,Software & Aplicação,321
Ford,Infra Física,Chips & Hardware,151
Ford,Infra Física,Cloud & Compute,54
Ford,Infra Física,Infra Física,1564
Ford,Infra Física,Modelos de IA,14
Ford,Infra Física,Software & Aplicação,109
Ford,Modelos de IA,Chips & Hardware,7
Ford,Modelos de IA,Cloud & Compute,69
Ford,Modelos de IA,Infra Física,11
Ford,Modelos de IA,Modelos de IA,182
Ford,Modelos de IA,Software & Aplicação,576
Ford,Software & Aplicação,Chips & Hardware,13
Ford,Software & Aplicação,Cloud & Compute,323
Ford,Software & Aplicação,Infra Física,41
Ford,Software & Aplicação,Modelos de IA,304
Ford,Software & Aplicação,Software & Aplicação,2999
Fujifilm,Chips & Hardware,Chips & Hardware,3191
Fujifilm,Chips & Hardware,Cloud & Compute,2
Fujifilm,Chips & Hardware,Infra Física,2
Fujifilm,Chips & Hardware,Modelos de IA,9
Fujifilm,Chips & Hardware,Software & Aplicação,10
Fujifilm,Cloud & Compute,Chips & Hardware,1
Fujifilm,Cloud & Compute,Cloud & Compute,257
Fujifilm,Cloud & Compute,Infra Física,16
Fujifilm,Cloud & Compute,Modelos de IA,6
Fujifilm,Cloud & Compute,Software & Aplicação,157
Fujifilm,Infra Física,Chips & Hardware,11
Fujifilm,Infra Física,Cloud & Compute,6
Fujifilm,Infra Física,Infra Física,55
Fujifilm,Infra Física,Modelos de IA,2
Fujifilm,Infra Física,Software & Aplicação,10
Fujifilm,Modelos de IA,Chips & Hardware,17
Fujifilm,Modelos de IA,Cloud & Compute,13
Fujifilm,Modelos de IA,Modelos de IA,102
Fujifilm,Modelos de IA,Software & Aplicação,177
Fujifilm,Software & Aplicação,Chips & Hardware,23
Fujifilm,Software & Aplicação,Cloud & Compute,269
Fujifilm,Software & Aplicação,Infra Física,25
Fujifilm,Software & Aplicação,Modelos de IA,221
Fujifilm,Software & Aplicação,Software & Aplicação,6668
Fujitsu,Chips & Hardware,Chips & Hardware,10937
Fujitsu,Chips & Hardware,Cloud & Compute,16
Fujitsu,Chips & Hardware,Infra Física,367
Fujitsu,Chips & Hardware,Modelos de IA,32
Fujitsu,Chips & Hardware,Software & Aplicação,44
Fujitsu,Cloud & Compute,Chips & Hardware,30
Fujitsu,Cloud & Compute,Cloud & Compute,1670
Fujitsu,Cloud & Compute,Infra Física,199
Fujitsu,Cloud & Compute,Modelos de IA,47
Fujitsu,Cloud & Compute,Software & Aplicação,372
Fujitsu,Infra Física,Chips & Hardware,817
Fujitsu,Infra Física,Cloud & Compute,170
Fujitsu,Infra Física,Infra Física,2566
Fujitsu,Infra Física,Modelos de IA,9
Fujitsu,Infra Física,Software & Aplicação,52
Fujitsu,Modelos de IA,Chips & Hardware,37
Fujitsu,Modelos de IA,Cloud & Compute,77
Fujitsu,Modelos de IA,Infra Física,10
Fujitsu,Modelos de IA,Modelos de IA,321
Fujitsu,Modelos de IA,Software & Aplicação,382
Fujitsu,Software & Aplicação,Chips & Hardware,61
Fujitsu,Software & Aplicação,Cloud & Compute,318
Fujitsu,Software & Aplicação,Infra Física,25
Fujitsu,Software & Aplicação,Modelos de IA,230
Fujitsu,Software & Aplicação,Software & Aplicação,6191
GE,Chips & Hardware,Chips & Hardware,2043
GE,Chips & Hardware,Cloud & Compute,4
GE,Chips & Hardware,Infra Física,320
GE,Chips & Hardware,Software & Aplicação,2
GE,Cloud & Compute,Chips & Hardware,9
GE,Cloud & Compute,Cloud & Compute,382
GE,Cloud & Compute,Infra Física,81
GE,Cloud & Compute,Modelos de IA,71
GE,Cloud & Compute,Software & Aplicação,378
GE,Infra Física,Chips & Hardware,490
GE,Infra Física,Cloud & Compute,147
GE,Infra Física,Infra Física,5374
GE,Infra Física,Modelos de IA,60
GE,Infra Física,Software & Aplicação,229
GE,Modelos de IA,Chips & Hardware,2
GE,Modelos de IA,Cloud & Compute,44
GE,Modelos de IA,Infra Física,64
GE,Modelos de IA,Modelos de IA,293
GE,Modelos de IA,Software & Aplicação,422
GE,Software & Aplicação,Chips & Hardware,61
GE,Software & Aplicação,Cloud & Compute,372
GE,Software & Aplicação,Infra Física,243
GE,Software & Aplicação,Modelos de IA,434
GE,Software & Aplicação,Software & Aplicação,6093
General Motors,Chips & Hardware,Chips & Hardware,116
General Motors,Chips & Hardware,Cloud & Compute,4
General Motors,Chips & Hardware,Infra Física,44
General Motors,Chips & Hardware,Modelos de IA,2
General Motors,Chips & Hardware,Software & Aplicação,3
General Motors,Cloud & Compute,Chips & Hardware,5
General Motors,Cloud & Compute,Cloud & Compute,177
General Motors,Cloud & Compute,Infra Física,14
General Motors,Cloud & Compute,Modelos de IA,20
General Motors,Cloud & Compute,Software & Aplicação,124
General Motors,Infra Física,Chips & Hardware,92
General Motors,Infra Física,Cloud & Compute,6
General Motors,Infra Física,Infra Física,732
General Motors,Infra Física,Modelos de IA,1
General Motors,Infra Física,Software & Aplicação,29
General Motors,Modelos de IA,Chips & Hardware,2
General Motors,Modelos de IA,Cloud & Compute,21
General Motors,Modelos de IA,Infra Física,1
General Motors,Modelos de IA,Modelos de IA,113
General Motors,Modelos de IA,Software & Aplicação,207
General Motors,Software & Aplicação,Chips & Hardware,9
General Motors,Software & Aplicação,Cloud & Compute,171
General Motors,Software & Aplicação,Infra Física,33
General Motors,Software & Aplicação,Modelos de IA,191
General Motors,Software & Aplicação,Software & Aplicação,1980
GlobalFoundries,Chips & Hardware,Chips & Hardware,12254
GlobalFoundries,Chips & Hardware,Cloud & Compute,5
GlobalFoundries,Chips & Hardware,Infra Física,52
GlobalFoundries,Chips & Hardware,Modelos de IA,13
GlobalFoundries,Chips & Hardware,Software & Aplicação,48
GlobalFoundries,Cloud & Compute,Chips & Hardware,6
GlobalFoundries,Cloud & Compute,Cloud & Compute,101
GlobalFoundries,Cloud & Compute,Infra Física,12
GlobalFoundries,Cloud & Compute,Software & Aplicação,9
GlobalFoundries,Infra Física,Chips & Hardware,110
GlobalFoundries,Infra Física,Cloud & Compute,27
GlobalFoundries,Infra Física,Infra Física,98
GlobalFoundries,Infra Física,Modelos de IA,2
GlobalFoundries,Infra Física,Software & Aplicação,13
GlobalFoundries,Modelos de IA,Chips & Hardware,27
GlobalFoundries,Modelos de IA,Modelos de IA,12
GlobalFoundries,Modelos de IA,Software & Aplicação,13
GlobalFoundries,Software & Aplicação,Chips & Hardware,57
GlobalFoundries,Software & Aplicação,Cloud & Compute,17
GlobalFoundries,Software & Aplicação,Infra Física,2
GlobalFoundries,Software & Aplicação,Modelos de IA,4
GlobalFoundries,Software & Aplicação,Software & Aplicação,121
Google,Chips & Hardware,Chips & Hardware,14167
Google,Chips & Hardware,Cloud & Compute,260
Google,Chips & Hardware,Infra Física,4261
Google,Chips & Hardware,Modelos de IA,568
Google,Chips & Hardware,Software & Aplicação,8539
Google,Cloud & Compute,Chips & Hardware,164
Google,Cloud & Compute,Cloud & Compute,11093
Google,Cloud & Compute,Infra Física,1367
Google,Cloud & Compute,Modelos de IA,1027
Google,Cloud & Compute,Software & Aplicação,9006
Google,Infra Física,Chips & Hardware,4964
Google,Infra Física,Cloud & Compute,505
Google,Infra Física,Infra Física,5577
Google,Infra Física,Modelos de IA,143
Google,Infra Física,Software & Aplicação,795
Google,Modelos de IA,Chips & Hardware,710
Google,Modelos de IA,Cloud & Compute,1378
Google,Modelos de IA,Infra Física,333
Google,Modelos de IA,Modelos de IA,4008
Google,Modelos de IA,Software & Aplicação,6194
Google,Software & Aplicação,Chips & Hardware,2639
Google,Software & Aplicação,Cloud & Compute,9756
Google,Software & Aplicação,Infra Física,1221
Google,Software & Aplicação,Modelos de IA,4345
Google,Software & Aplicação,Software & Aplicação,67819
HP,Chips & Hardware,Chips & Hardware,4025
HP,Chips & Hardware,Cloud & Compute,20
HP,Chips & Hardware,Infra Física,715
HP,Chips & Hardware,Modelos de IA,8
HP,Chips & Hardware,Software & Aplicação,10
HP,Cloud & Compute,Chips & Hardware,26
HP,Cloud & Compute,Cloud & Compute,3905
HP,Cloud & Compute,Infra Física,313
HP,Cloud & Compute,Modelos de IA,60
HP,Cloud & Compute,Software & Aplicação,885
HP,Infra Física,Chips & Hardware,934
HP,Infra Física,Cloud & Compute,317
HP,Infra Física,Infra Física,4114
HP,Infra Física,Modelos de IA,5
HP,Infra Física,Software & Aplicação,97
HP,Modelos de IA,Chips & Hardware,11
HP,Modelos de IA,Cloud & Compute,36
HP,Modelos de IA,Infra Física,4
HP,Modelos de IA,Modelos de IA,159
HP,Modelos de IA,Software & Aplicação,224
HP,Software & Aplicação,Chips & Hardware,79
HP,Software & Aplicação,Cloud & Compute,628
HP,Software & Aplicação,Infra Física,71
HP,Software & Aplicação,Modelos de IA,203
HP,Software & Aplicação,Software & Aplicação,7522
Hitachi,Chips & Hardware,Chips & Hardware,13089
Hitachi,Chips & Hardware,Cloud & Compute,13
Hitachi,Chips & Hardware,Infra Física,605
Hitachi,Chips & Hardware,Modelos de IA,39
Hitachi,Chips & Hardware,Software & Aplicação,240
Hitachi,Cloud & Compute,Chips & Hardware,93
Hitachi,Cloud & Compute,Cloud & Compute,2744
Hitachi,Cloud & Compute,Infra Física,146
Hitachi,Cloud & Compute,Modelos de IA,40
Hitachi,Cloud & Compute,Software & Aplicação,191
Hitachi,Infra Física,Chips & Hardware,776
Hitachi,Infra Física,Cloud & Compute,186
Hitachi,Infra Física,Infra Física,3630
Hitachi,Infra Física,Modelos de IA,10
Hitachi,Infra Física,Software & Aplicação,85
Hitachi,Modelos de IA,Chips & Hardware,46
Hitachi,Modelos de IA,Cloud & Compute,41
Hitachi,Modelos de IA,Infra Física,22
Hitachi,Modelos de IA,Modelos de IA,240
Hitachi,Modelos de IA,Software & Aplicação,242
Hitachi,Software & Aplicação,Chips & Hardware,353
Hitachi,Software & Aplicação,Cloud & Compute,225
Hitachi,Software & Aplicação,Infra Física,86
Hitachi,Software & Aplicação,Modelos de IA,256
Hitachi,Software & Aplicação,Software & Aplicação,5271
Hon Hai,Chips & Hardware,Chips & Hardware,1999
Hon Hai,Chips & Hardware,Infra Física,362
Hon Hai,Chips & Hardware,Modelos de IA,5
Hon Hai,Chips & Hardware,Software & Aplicação,7
Hon Hai,Cloud & Compute,Chips & Hardware,1
Hon Hai,Cloud & Compute,Cloud & Compute,25
Hon Hai,Cloud & Compute,Modelos de IA,2
Hon Hai,Cloud & Compute,Software & Aplicação,9
Hon Hai,Infra Física,Chips & Hardware,688
Hon Hai,Infra Física,Cloud & Compute,7
Hon Hai,Infra Física,Infra Física,2427
Hon Hai,Infra Física,Software & Aplicação,8
Hon Hai,Modelos de IA,Chips & Hardware,9
Hon Hai,Modelos de IA,Modelos de IA,43
Hon Hai,Modelos de IA,Software & Aplicação,47
Hon Hai,Software & Aplicação,Chips & Hardware,20
Hon Hai,Software & Aplicação,Cloud & Compute,19
Hon Hai,Software & Aplicação,Infra Física,6
Hon Hai,Software & Aplicação,Modelos de IA,82
Hon Hai,Software & Aplicação,Software & Aplicação,671
Honda,Chips & Hardware,Chips & Hardware,141
Honda,Chips & Hardware,Infra Física,14
Honda,Chips & Hardware,Modelos de IA,1
Honda,Chips & Hardware,Software & Aplicação,9
Honda,Cloud & Compute,Cloud & Compute,159
Honda,Cloud & Compute,Infra Física,28
Honda,Cloud & Compute,Modelos de IA,5
Honda,Cloud & Compute,Software & Aplicação,168
Honda,Infra Física,Chips & Hardware,78
Honda,Infra Física,Cloud & Compute,32
Honda,Infra Física,Infra Física,1169
Honda,Infra Física,Modelos de IA,6
Honda,Infra Física,Software & Aplicação,94
Honda,Modelos de IA,Chips & Hardware,12
Honda,Modelos de IA,Cloud & Compute,32
Honda,Modelos de IA,Infra Física,7
Honda,Modelos de IA,Modelos de IA,150
Honda,Modelos de IA,Software & Aplicação,216
Honda,Software & Aplicação,Chips & Hardware,15
Honda,Software & Aplicação,Cloud & Compute,205
Honda,Software & Aplicação,Infra Física,210
Honda,Software & Aplicação,Modelos de IA,184
Honda,Software & Aplicação,Software & Aplicação,3209
Honeywell,Chips & Hardware,Chips & Hardware,4048
Honeywell,Chips & Hardware,Cloud & Compute,8
Honeywell,Chips & Hardware,Infra Física,173
Honeywell,Chips & Hardware,Modelos de IA,28
Honeywell,Chips & Hardware,Software & Aplicação,5
Honeywell,Cloud & Compute,Chips & Hardware,9
Honeywell,Cloud & Compute,Cloud & Compute,949
Honeywell,Cloud & Compute,Infra Física,458
Honeywell,Cloud & Compute,Modelos de IA,172
Honeywell,Cloud & Compute,Software & Aplicação,902
Honeywell,Infra Física,Chips & Hardware,380
Honeywell,Infra Física,Cloud & Compute,215
Honeywell,Infra Física,Infra Física,1037
Honeywell,Infra Física,Modelos de IA,24
Honeywell,Infra Física,Software & Aplicação,326
Honeywell,Modelos de IA,Chips & Hardware,6
Honeywell,Modelos de IA,Cloud & Compute,131
Honeywell,Modelos de IA,Infra Física,157
Honeywell,Modelos de IA,Modelos de IA,114
Honeywell,Modelos de IA,Software & Aplicação,340
Honeywell,Software & Aplicação,Chips & Hardware,48
Honeywell,Software & Aplicação,Cloud & Compute,686
Honeywell,Software & Aplicação,Infra Física,509
Honeywell,Software & Aplicação,Modelos de IA,344
Honeywell,Software & Aplicação,Software & Aplicação,5843
Huawei,Chips & Hardware,Chips & Hardware,640
Huawei,Chips & Hardware,Cloud & Compute,20
Huawei,Chips & Hardware,Infra Física,108
Huawei,Chips & Hardware,Modelos de IA,44
Huawei,Chips & Hardware,Software & Aplicação,25
Huawei,Cloud & Compute,Chips & Hardware,34
Huawei,Cloud & Compute,Cloud & Compute,2399
Huawei,Cloud & Compute,Infra Física,128
Huawei,Cloud & Compute,Modelos de IA,64
Huawei,Cloud & Compute,Software & Aplicação,596
Huawei,Infra Física,Chips & Hardware,382
Huawei,Infra Física,Cloud & Compute,88
Huawei,Infra Física,Infra Física,1464
Huawei,Infra Física,Modelos de IA,16
Huawei,Infra Física,Software & Aplicação,37
Huawei,Modelos de IA,Chips & Hardware,51
Huawei,Modelos de IA,Cloud & Compute,66
Huawei,Modelos de IA,Infra Física,12
Huawei,Modelos de IA,Modelos de IA,282
Huawei,Modelos de IA,Software & Aplicação,298
Huawei,Software & Aplicação,Chips & Hardware,24
Huawei,Software & Aplicação,Cloud & Compute,431
Huawei,Software & Aplicação,Infra Física,23
Huawei,Software & Aplicação,Modelos de IA,253
Huawei,Software & Aplicação,Software & Aplicação,2234
IBM,Chips & Hardware,Chips & Hardware,85814
IBM,Chips & Hardware,Cloud & Compute,474
IBM,Chips & Hardware,Infra Física,2423
IBM,Chips & Hardware,Modelos de IA,2921
IBM,Chips & Hardware,Software & Aplicação,1101
IBM,Cloud & Compute,Chips & Hardware,766
IBM,Cloud & Compute,Cloud & Compute,46537
IBM,Cloud & Compute,Infra Física,3172
IBM,Cloud & Compute,Modelos de IA,1808
IBM,Cloud & Compute,Software & Aplicação,12533
IBM,Infra Física,Chips & Hardware,5508
IBM,Infra Física,Cloud & Compute,2204
IBM,Infra Física,Infra Física,16134
IBM,Infra Física,Modelos de IA,150
IBM,Infra Física,Software & Aplicação,648
IBM,Modelos de IA,Chips & Hardware,2978
IBM,Modelos de IA,Cloud & Compute,3361
IBM,Modelos de IA,Infra Física,377
IBM,Modelos de IA,Modelos de IA,10183
IBM,Modelos de IA,Software & Aplicação,13381
IBM,Software & Aplicação,Chips & Hardware,667
IBM,Software & Aplicação,Cloud & Compute,11329
IBM,Software & Aplicação,Infra Física,793
IBM,Software & Aplicação,Modelos de IA,7172
IBM,Software & Aplicação,Software & Aplicação,62897
Infineon,Chips & Hardware,Chips & Hardware,19038
Infineon,Chips & Hardware,Cloud & Compute,9
Infineon,Chips & Hardware,Infra Física,227
Infineon,Chips & Hardware,Modelos de IA,14
Infineon,Chips & Hardware,Software & Aplicação,74
Infineon,Cloud & Compute,Chips & Hardware,4
Infineon,Cloud & Compute,Cloud & Compute,35
Infineon,Cloud & Compute,Infra Física,4
Infineon,Cloud & Compute,Software & Aplicação,3
Infineon,Infra Física,Chips & Hardware,205
Infineon,Infra Física,Cloud & Compute,12
Infineon,Infra Física,Infra Física,258
Infineon,Infra Física,Software & Aplicação,18
Infineon,Modelos de IA,Chips & Hardware,41
Infineon,Modelos de IA,Cloud & Compute,1
Infineon,Modelos de IA,Infra Física,1
Infineon,Modelos de IA,Modelos de IA,19
Infineon,Modelos de IA,Software & Aplicação,38
Infineon,Software & Aplicação,Chips & Hardware,112
Infineon,Software & Aplicação,Cloud & Compute,3
Infineon,Software & Aplicação,Infra Física,1
Infineon,Software & Aplicação,Modelos de IA,14
Infineon,Software & Aplicação,Software & Aplicação,197
Intel,Chips & Hardware,Chips & Hardware,36224
Intel,Chips & Hardware,Cloud & Compute,1344
Intel,Chips & Hardware,Infra Física,2441
Intel,Chips & Hardware,Modelos de IA,1533
Intel,Chips & Hardware,Software & Aplicação,1638
Intel,Cloud & Compute,Chips & Hardware,1743
Intel,Cloud & Compute,Cloud & Compute,9343
Intel,Cloud & Compute,Infra Física,3428
Intel,Cloud & Compute,Modelos de IA,1105
Intel,Cloud & Compute,Software & Aplicação,2524
Intel,Infra Física,Chips & Hardware,3486
Intel,Infra Física,Cloud & Compute,3019
Intel,Infra Física,Infra Física,15834
Intel,Infra Física,Modelos de IA,539
Intel,Infra Física,Software & Aplicação,1264
Intel,Modelos de IA,Chips & Hardware,1604
Intel,Modelos de IA,Cloud & Compute,1024
Intel,Modelos de IA,Infra Física,722
Intel,Modelos de IA,Modelos de IA,2515
Intel,Modelos de IA,Software & Aplicação,2062
Intel,Software & Aplicação,Chips & Hardware,2037
Intel,Software & Aplicação,Cloud & Compute,2243
Intel,Software & Aplicação,Infra Física,1637
Intel,Software & Aplicação,Modelos de IA,2072
Intel,Software & Aplicação,Software & Aplicação,13105
Kioxia,Chips & Hardware,Chips & Hardware,6375
Kioxia,Chips & Hardware,Cloud & Compute,10
Kioxia,Chips & Hardware,Infra Física,158
Kioxia,Chips & Hardware,Modelos de IA,31
Kioxia,Chips & Hardware,Software & Aplicação,36
Kioxia,Cloud & Compute,Chips & Hardware,9
Kioxia,Cloud & Compute,Cloud & Compute,46
Kioxia,Cloud & Compute,Infra Física,9
Kioxia,Cloud & Compute,Modelos de IA,3
Kioxia,Cloud & Compute,Software & Aplicação,4
Kioxia,Infra Física,Chips & Hardware,347
Kioxia,Infra Física,Cloud & Compute,33
Kioxia,Infra Física,Infra Física,432
Kioxia,Infra Física,Modelos de IA,1
Kioxia,Infra Física,Software & Aplicação,3
Kioxia,Modelos de IA,Chips & Hardware,24
Kioxia,Modelos de IA,Cloud & Compute,2
Kioxia,Modelos de IA,Infra Física,1
Kioxia,Modelos de IA,Modelos de IA,37
Kioxia,Modelos de IA,Software & Aplicação,6
Kioxia,Software & Aplicação,Chips & Hardware,13
Kioxia,Software & Aplicação,Cloud & Compute,5
Kioxia,Software & Aplicação,Infra Física,2
Kioxia,Software & Aplicação,Modelos de IA,5
Kioxia,Software & Aplicação,Software & Aplicação,59
LG Electronics,Chips & Hardware,Chips & Hardware,245
LG Electronics,Chips & Hardware,Cloud & Compute,3
LG Electronics,Chips & Hardware,Infra Física,37
LG Electronics,Chips & Hardware,Modelos de IA,9
LG Electronics,Chips & Hardware,Software & Aplicação,6
LG Electronics,Cloud & Compute,Chips & Hardware,3
LG Electronics,Cloud & Compute,Cloud & Compute,629
LG Electronics,Cloud & Compute,Infra Física,45
LG Electronics,Cloud & Compute,Modelos de IA,23
LG Electronics,Cloud & Compute,Software & Aplicação,284
LG Electronics,Infra Física,Chips & Hardware,88
LG Electronics,Infra Física,Cloud & Compute,27
LG Electronics,Infra Física,Infra Física,1119
LG Electronics,Infra Física,Modelos de IA,3
LG Electronics,Infra Física,Software & Aplicação,67
LG Electronics,Modelos de IA,Chips & Hardware,7
LG Electronics,Modelos de IA,Cloud & Compute,32
LG Electronics,Modelos de IA,Infra Física,13
LG Electronics,Modelos de IA,Modelos de IA,121
LG Electronics,Modelos de IA,Software & Aplicação,319
LG Electronics,Software & Aplicação,Chips & Hardware,10
LG Electronics,Software & Aplicação,Cloud & Compute,209
LG Electronics,Software & Aplicação,Infra Física,90
LG Electronics,Software & Aplicação,Modelos de IA,182
LG Electronics,Software & Aplicação,Software & Aplicação,2410
Lam Research,Chips & Hardware,Chips & Hardware,26494
Lam Research,Chips & Hardware,Cloud & Compute,2
Lam Research,Chips & Hardware,Infra Física,16
Lam Research,Chips & Hardware,Modelos de IA,8
Lam Research,Chips & Hardware,Software & Aplicação,29
Lam Research,Cloud & Compute,Chips & Hardware,24
Lam Research,Cloud & Compute,Cloud & Compute,6
Lam Research,Cloud & Compute,Infra Física,2
Lam Research,Cloud & Compute,Modelos de IA,2
Lam Research,Cloud & Compute,Software & Aplicação,5
Lam Research,Infra Física,Chips & Hardware,26
Lam Research,Infra Física,Infra Física,1
Lam Research,Modelos de IA,Chips & Hardware,24
Lam Research,Modelos de IA,Modelos de IA,2
Lam Research,Modelos de IA,Software & Aplicação,2
Lam Research,Software & Aplicação,Chips & Hardware,61
Lam Research,Software & Aplicação,Modelos de IA,1
Lam Research,Software & Aplicação,Software & Aplicação,6
Meta,Chips & Hardware,Chips & Hardware,274
Meta,Chips & Hardware,Cloud & Compute,13
Meta,Chips & Hardware,Infra Física,23
Meta,Chips & Hardware,Modelos de IA,54
Meta,Chips & Hardware,Software & Aplicação,36
Meta,Cloud & Compute,Chips & Hardware,56
Meta,Cloud & Compute,Cloud & Compute,9096
Meta,Cloud & Compute,Infra Física,82
Meta,Cloud & Compute,Modelos de IA,1458
Meta,Cloud & Compute,Software & Aplicação,13874
Meta,Infra Física,Chips & Hardware,93
Meta,Infra Física,Cloud & Compute,45
Meta,Infra Física,Infra Física,510
Meta,Infra Física,Modelos de IA,3
Meta,Infra Física,Software & Aplicação,33
Meta,Modelos de IA,Chips & Hardware,138
Meta,Modelos de IA,Cloud & Compute,1632
Meta,Modelos de IA,Infra Física,21
Meta,Modelos de IA,Modelos de IA,1810
Meta,Modelos de IA,Software & Aplicação,6067
Meta,Software & Aplicação,Chips & Hardware,171
Meta,Software & Aplicação,Cloud & Compute,11521
Meta,Software & Aplicação,Infra Física,98
Meta,Software & Aplicação,Modelos de IA,2370
Meta,Software & Aplicação,Software & Aplicação,26353
Micron,Chips & Hardware,Chips & Hardware,217952
Micron,Chips & Hardware,Cloud & Compute,401
Micron,Chips & Hardware,Infra Física,3015
Micron,Chips & Hardware,Modelos de IA,720
Micron,Chips & Hardware,Software & Aplicação,1872
Micron,Cloud & Compute,Chips & Hardware,589
Micron,Cloud & Compute,Cloud & Compute,954
Micron,Cloud & Compute,Infra Física,610
Micron,Cloud & Compute,Modelos de IA,190
Micron,Cloud & Compute,Software & Aplicação,178
Micron,Infra Física,Chips & Hardware,4844
Micron,Infra Física,Cloud & Compute,478
Micron,Infra Física,Infra Física,1856
Micron,Infra Física,Modelos de IA,92
Micron,Infra Física,Software & Aplicação,302
Micron,Modelos de IA,Chips & Hardware,759
Micron,Modelos de IA,Cloud & Compute,388
Micron,Modelos de IA,Infra Física,236
Micron,Modelos de IA,Modelos de IA,1130
Micron,Modelos de IA,Software & Aplicação,874
Micron,Software & Aplicação,Chips & Hardware,370
Micron,Software & Aplicação,Cloud & Compute,132
Micron,Software & Aplicação,Infra Física,57
Micron,Software & Aplicação,Modelos de IA,302
Micron,Software & Aplicação,Software & Aplicação,1413
Microsoft,Chips & Hardware,Chips & Hardware,736
Microsoft,Chips & Hardware,Cloud & Compute,291
Microsoft,Chips & Hardware,Infra Física,427
Microsoft,Chips & Hardware,Modelos de IA,200
Microsoft,Chips & Hardware,Software & Aplicação,140
Microsoft,Cloud & Compute,Chips & Hardware,343
Microsoft,Cloud & Compute,Cloud & Compute,24830
Microsoft,Cloud & Compute,Infra Física,1386
Microsoft,Cloud & Compute,Modelos de IA,1435
Microsoft,Cloud & Compute,Software & Aplicação,14206
Microsoft,Infra Física,Chips & Hardware,813
Microsoft,Infra Física,Cloud & Compute,1657
Microsoft,Infra Física,Infra Física,5318
Microsoft,Infra Física,Modelos de IA,208
Microsoft,Infra Física,Software & Aplicação,1800
Microsoft,Modelos de IA,Chips & Hardware,237
Microsoft,Modelos de IA,Cloud & Compute,2048
Microsoft,Modelos de IA,Infra Física,199
Microsoft,Modelos de IA,Modelos de IA,3316
Microsoft,Modelos de IA,Software & Aplicação,7002
Microsoft,Software & Aplicação,Chips & Hardware,302
Microsoft,Software & Aplicação,Cloud & Compute,15067
Microsoft,Software & Aplicação,Infra Física,699
Microsoft,Software & Aplicação,Modelos de IA,4666
Microsoft,Software & Aplicação,Software & Aplicação,100856
Mitsubishi Electric,Chips & Hardware,Chips & Hardware,6335
Mitsubishi Electric,Chips & Hardware,Infra Física,277
Mitsubishi Electric,Chips & Hardware,Modelos de IA,11
Mitsubishi Electric,Chips & Hardware,Software & Aplicação,23
Mitsubishi Electric,Cloud & Compute,Chips & Hardware,3
Mitsubishi Electric,Cloud & Compute,Cloud & Compute,168
Mitsubishi Electric,Cloud & Compute,Infra Física,13
Mitsubishi Electric,Cloud & Compute,Modelos de IA,12
Mitsubishi Electric,Cloud & Compute,Software & Aplicação,72
Mitsubishi Electric,Infra Física,Chips & Hardware,364
Mitsubishi Electric,Infra Física,Cloud & Compute,11
Mitsubishi Electric,Infra Física,Infra Física,1277
Mitsubishi Electric,Infra Física,Modelos de IA,11
Mitsubishi Electric,Infra Física,Software & Aplicação,24
Mitsubishi Electric,Modelos de IA,Chips & Hardware,20
Mitsubishi Electric,Modelos de IA,Cloud & Compute,21
Mitsubishi Electric,Modelos de IA,Infra Física,24
Mitsubishi Electric,Modelos de IA,Modelos de IA,173
Mitsubishi Electric,Modelos de IA,Software & Aplicação,185
Mitsubishi Electric,Software & Aplicação,Chips & Hardware,34
Mitsubishi Electric,Software & Aplicação,Cloud & Compute,45
Mitsubishi Electric,Software & Aplicação,Infra Física,23
Mitsubishi Electric,Software & Aplicação,Modelos de IA,154
Mitsubishi Electric,Software & Aplicação,Software & Aplicação,2712
Motorola,Chips & Hardware,Chips & Hardware,3930
Motorola,Chips & Hardware,Cloud & Compute,6
Motorola,Chips & Hardware,Infra Física,49
Motorola,Chips & Hardware,Modelos de IA,22
Motorola,Chips & Hardware,Software & Aplicação,30
Motorola,Cloud & Compute,Chips & Hardware,2
Motorola,Cloud & Compute,Cloud & Compute,450
Motorola,Cloud & Compute,Infra Física,15
Motorola,Cloud & Compute,Modelos de IA,26
Motorola,Cloud & Compute,Software & Aplicação,203
Motorola,Infra Física,Chips & Hardware,91
Motorola,Infra Física,Cloud & Compute,10
Motorola,Infra Física,Infra Física,965
Motorola,Infra Física,Modelos de IA,1
Motorola,Infra Física,Software & Aplicação,19
Motorola,Modelos de IA,Chips & Hardware,24
Motorola,Modelos de IA,Cloud & Compute,16
Motorola,Modelos de IA,Infra Física,2
Motorola,Modelos de IA,Modelos de IA,112
Motorola,Modelos de IA,Software & Aplicação,118
Motorola,Software & Aplicação,Chips & Hardware,14
Motorola,Software & Aplicação,Cloud & Compute,176
Motorola,Software & Aplicação,Infra Física,10
Motorola,Software & Aplicação,Modelos de IA,164
Motorola,Software & Aplicação,Software & Aplicação,1785
NEC,Chips & Hardware,Chips & Hardware,8979
NEC,Chips & Hardware,Cloud & Compute,8
NEC,Chips & Hardware,Infra Física,146
NEC,Chips & Hardware,Modelos de IA,13
NEC,Chips & Hardware,Software & Aplicação,35
NEC,Cloud & Compute,Chips & Hardware,13
NEC,Cloud & Compute,Cloud & Compute,922
NEC,Cloud & Compute,Infra Física,84
NEC,Cloud & Compute,Modelos de IA,25
NEC,Cloud & Compute,Software & Aplicação,209
NEC,Infra Física,Chips & Hardware,161
NEC,Infra Física,Cloud & Compute,50
NEC,Infra Física,Infra Física,792
NEC,Infra Física,Modelos de IA,2
NEC,Infra Física,Software & Aplicação,37
NEC,Modelos de IA,Chips & Hardware,28
NEC,Modelos de IA,Cloud & Compute,55
NEC,Modelos de IA,Infra Física,16
NEC,Modelos de IA,Modelos de IA,386
NEC,Modelos de IA,Software & Aplicação,492
NEC,Software & Aplicação,Chips & Hardware,54
NEC,Software & Aplicação,Cloud & Compute,181
NEC,Software & Aplicação,Infra Física,48
NEC,Software & Aplicação,Modelos de IA,447
NEC,Software & Aplicação,Software & Aplicação,6266
NVIDIA,Chips & Hardware,Chips & Hardware,850
NVIDIA,Chips & Hardware,Cloud & Compute,74
NVIDIA,Chips & Hardware,Infra Física,229
NVIDIA,Chips & Hardware,Modelos de IA,234
NVIDIA,Chips & Hardware,Software & Aplicação,474
NVIDIA,Cloud & Compute,Chips & Hardware,105
NVIDIA,Cloud & Compute,Cloud & Compute,731
NVIDIA,Cloud & Compute,Infra Física,172
NVIDIA,Cloud & Compute,Modelos de IA,84
NVIDIA,Cloud & Compute,Software & Aplicação,879
NVIDIA,Infra Física,Chips & Hardware,489
NVIDIA,Infra Física,Cloud & Compute,132
NVIDIA,Infra Física,Infra Física,1851
NVIDIA,Infra Física,Modelos de IA,50
NVIDIA,Infra Física,Software & Aplicação,682
NVIDIA,Modelos de IA,Chips & Hardware,115
NVIDIA,Modelos de IA,Cloud & Compute,185
NVIDIA,Modelos de IA,Infra Física,62
NVIDIA,Modelos de IA,Modelos de IA,1070
NVIDIA,Modelos de IA,Software & Aplicação,1909
NVIDIA,Software & Aplicação,Chips & Hardware,398
NVIDIA,Software & Aplicação,Cloud & Compute,677
NVIDIA,Software & Aplicação,Infra Física,427
NVIDIA,Software & Aplicação,Modelos de IA,1140
NVIDIA,Software & Aplicação,Software & Aplicação,14705
Nikon,Chips & Hardware,Chips & Hardware,32449
Nikon,Chips & Hardware,Cloud & Compute,1
Nikon,Chips & Hardware,Infra Física,15
Nikon,Chips & Hardware,Modelos de IA,7
Nikon,Chips & Hardware,Software & Aplicação,66
Nikon,Cloud & Compute,Cloud & Compute,1
Nikon,Cloud & Compute,Software & Aplicação,1
Nikon,Infra Física,Chips & Hardware,14
Nikon,Infra Física,Cloud & Compute,2
Nikon,Infra Física,Infra Física,10
Nikon,Modelos de IA,Chips & Hardware,3
Nikon,Modelos de IA,Modelos de IA,8
Nikon,Modelos de IA,Software & Aplicação,4
Nikon,Software & Aplicação,Chips & Hardware,49
Nikon,Software & Aplicação,Cloud & Compute,27
Nikon,Software & Aplicação,Modelos de IA,3
Nikon,Software & Aplicação,Software & Aplicação,945
Nokia,Chips & Hardware,Chips & Hardware,123
Nokia,Chips & Hardware,Cloud & Compute,1
Nokia,Chips & Hardware,Infra Física,20
Nokia,Chips & Hardware,Modelos de IA,17
Nokia,Chips & Hardware,Software & Aplicação,7
Nokia,Cloud & Compute,Chips & Hardware,8
Nokia,Cloud & Compute,Cloud & Compute,2503
Nokia,Cloud & Compute,Infra Física,44
Nokia,Cloud & Compute,Modelos de IA,57
Nokia,Cloud & Compute,Software & Aplicação,786
Nokia,Infra Física,Chips & Hardware,38
Nokia,Infra Física,Cloud & Compute,17
Nokia,Infra Física,Infra Física,473
Nokia,Infra Física,Software & Aplicação,19
Nokia,Modelos de IA,Chips & Hardware,16
Nokia,Modelos de IA,Cloud & Compute,19
Nokia,Modelos de IA,Infra Física,3
Nokia,Modelos de IA,Modelos de IA,104
Nokia,Modelos de IA,Software & Aplicação,73
Nokia,Software & Aplicação,Chips & Hardware,13
Nokia,Software & Aplicação,Cloud & Compute,369
Nokia,Software & Aplicação,Infra Física,20
Nokia,Software & Aplicação,Modelos de IA,61
Nokia,Software & Aplicação,Software & Aplicação,2113
Oracle,Chips & Hardware,Chips & Hardware,589
Oracle,Chips & Hardware,Cloud & Compute,52
Oracle,Chips & Hardware,Infra Física,64
Oracle,Chips & Hardware,Software & Aplicação,50
Oracle,Cloud & Compute,Chips & Hardware,74
Oracle,Cloud & Compute,Cloud & Compute,14952
Oracle,Cloud & Compute,Infra Física,433
Oracle,Cloud & Compute,Modelos de IA,558
Oracle,Cloud & Compute,Software & Aplicação,4560
Oracle,Infra Física,Chips & Hardware,98
Oracle,Infra Física,Cloud & Compute,323
Oracle,Infra Física,Infra Física,464
Oracle,Infra Física,Modelos de IA,31
Oracle,Infra Física,Software & Aplicação,84
Oracle,Modelos de IA,Chips & Hardware,6
Oracle,Modelos de IA,Cloud & Compute,862
Oracle,Modelos de IA,Infra Física,106
Oracle,Modelos de IA,Modelos de IA,1430
Oracle,Modelos de IA,Software & Aplicação,1605
Oracle,Software & Aplicação,Chips & Hardware,22
Oracle,Software & Aplicação,Cloud & Compute,3424
Oracle,Software & Aplicação,Infra Física,83
Oracle,Software & Aplicação,Modelos de IA,1312
Oracle,Software & Aplicação,Software & Aplicação,9381
Panasonic,Chips & Hardware,Chips & Hardware,4348
Panasonic,Chips & Hardware,Cloud & Compute,6
Panasonic,Chips & Hardware,Infra Física,109
Panasonic,Chips & Hardware,Modelos de IA,39
Panasonic,Chips & Hardware,Software & Aplicação,21
Panasonic,Cloud & Compute,Chips & Hardware,7
Panasonic,Cloud & Compute,Cloud & Compute,640
Panasonic,Cloud & Compute,Infra Física,48
Panasonic,Cloud & Compute,Modelos de IA,18
Panasonic,Cloud & Compute,Software & Aplicação,234
Panasonic,Infra Física,Chips & Hardware,233
Panasonic,Infra Física,Cloud & Compute,123
Panasonic,Infra Física,Infra Física,2318
Panasonic,Infra Física,Modelos de IA,8
Panasonic,Infra Física,Software & Aplicação,110
Panasonic,Modelos de IA,Chips & Hardware,45
Panasonic,Modelos de IA,Cloud & Compute,21
Panasonic,Modelos de IA,Infra Física,8
Panasonic,Modelos de IA,Modelos de IA,150
Panasonic,Modelos de IA,Software & Aplicação,183
Panasonic,Software & Aplicação,Chips & Hardware,44
Panasonic,Software & Aplicação,Cloud & Compute,256
Panasonic,Software & Aplicação,Infra Física,75
Panasonic,Software & Aplicação,Modelos de IA,197
Panasonic,Software & Aplicação,Software & Aplicação,4367
Philips,Chips & Hardware,Chips & Hardware,1418
Philips,Chips & Hardware,Cloud & Compute,15
Philips,Chips & Hardware,Infra Física,17
Philips,Chips & Hardware,Modelos de IA,14
Philips,Chips & Hardware,Software & Aplicação,12
Philips,Cloud & Compute,Chips & Hardware,20
Philips,Cloud & Compute,Cloud & Compute,214
Philips,Cloud & Compute,Infra Física,17
Philips,Cloud & Compute,Modelos de IA,10
Philips,Cloud & Compute,Software & Aplicação,71
Philips,Infra Física,Chips & Hardware,18
Philips,Infra Física,Cloud & Compute,3
Philips,Infra Física,Infra Física,535
Philips,Infra Física,Software & Aplicação,3
Philips,Modelos de IA,Chips & Hardware,7
Philips,Modelos de IA,Cloud & Compute,20
Philips,Modelos de IA,Infra Física,3
Philips,Modelos de IA,Modelos de IA,158
Philips,Modelos de IA,Software & Aplicação,218
Philips,Software & Aplicação,Chips & Hardware,9
Philips,Software & Aplicação,Cloud & Compute,91
Philips,Software & Aplicação,Infra Física,13
Philips,Software & Aplicação,Modelos de IA,184
Philips,Software & Aplicação,Software & Aplicação,5883
Qualcomm,Chips & Hardware,Chips & Hardware,7620
Qualcomm,Chips & Hardware,Cloud & Compute,42
Qualcomm,Chips & Hardware,Infra Física,252
Qualcomm,Chips & Hardware,Modelos de IA,155
Qualcomm,Chips & Hardware,Software & Aplicação,105
Qualcomm,Cloud & Compute,Chips & Hardware,50
Qualcomm,Cloud & Compute,Cloud & Compute,3032
Qualcomm,Cloud & Compute,Infra Física,486
Qualcomm,Cloud & Compute,Modelos de IA,102
Qualcomm,Cloud & Compute,Software & Aplicação,834
Qualcomm,Infra Física,Chips & Hardware,511
Qualcomm,Infra Física,Cloud & Compute,418
Qualcomm,Infra Física,Infra Física,3981
Qualcomm,Infra Física,Modelos de IA,58
Qualcomm,Infra Física,Software & Aplicação,381
Qualcomm,Modelos de IA,Chips & Hardware,224
Qualcomm,Modelos de IA,Cloud & Compute,215
Qualcomm,Modelos de IA,Infra Física,36
Qualcomm,Modelos de IA,Modelos de IA,710
Qualcomm,Modelos de IA,Software & Aplicação,555
Qualcomm,Software & Aplicação,Chips & Hardware,63
Qualcomm,Software & Aplicação,Cloud & Compute,522
Qualcomm,Software & Aplicação,Infra Física,144
Qualcomm,Software & Aplicação,Modelos de IA,290
Qualcomm,Software & Aplicação,Software & Aplicação,6980
Red Hat,Chips & Hardware,Chips & Hardware,4
Red Hat,Chips & Hardware,Cloud & Compute,6
Red Hat,Chips & Hardware,Infra Física,2
Red Hat,Chips & Hardware,Modelos de IA,9
Red Hat,Chips & Hardware,Software & Aplicação,2
Red Hat,Cloud & Compute,Chips & Hardware,26
Red Hat,Cloud & Compute,Cloud & Compute,6303
Red Hat,Cloud & Compute,Infra Física,276
Red Hat,Cloud & Compute,Modelos de IA,96
Red Hat,Cloud & Compute,Software & Aplicação,694
Red Hat,Infra Física,Chips & Hardware,9
Red Hat,Infra Física,Cloud & Compute,187
Red Hat,Infra Física,Infra Física,101
Red Hat,Infra Física,Modelos de IA,2
Red Hat,Infra Física,Software & Aplicação,19
Red Hat,Modelos de IA,Chips & Hardware,8
Red Hat,Modelos de IA,Cloud & Compute,109
Red Hat,Modelos de IA,Infra Física,1
Red Hat,Modelos de IA,Modelos de IA,113
Red Hat,Modelos de IA,Software & Aplicação,61
Red Hat,Software & Aplicação,Cloud & Compute,418
Red Hat,Software & Aplicação,Infra Física,12
Red Hat,Software & Aplicação,Modelos de IA,24
Red Hat,Software & Aplicação,Software & Aplicação,604
Renesas,Chips & Hardware,Chips & Hardware,19665
Renesas,Chips & Hardware,Cloud & Compute,14
Renesas,Chips & Hardware,Infra Física,225
Renesas,Chips & Hardware,Modelos de IA,14
Renesas,Chips & Hardware,Software & Aplicação,46
Renesas,Cloud & Compute,Chips & Hardware,7
Renesas,Cloud & Compute,Cloud & Compute,86
Renesas,Cloud & Compute,Infra Física,32
Renesas,Cloud & Compute,Modelos de IA,3
Renesas,Cloud & Compute,Software & Aplicação,4
Renesas,Infra Física,Chips & Hardware,188
Renesas,Infra Física,Cloud & Compute,38
Renesas,Infra Física,Infra Física,685
Renesas,Infra Física,Software & Aplicação,11
Renesas,Modelos de IA,Chips & Hardware,11
Renesas,Modelos de IA,Modelos de IA,12
Renesas,Modelos de IA,Software & Aplicação,4
Renesas,Software & Aplicação,Chips & Hardware,41
Renesas,Software & Aplicação,Cloud & Compute,22
Renesas,Software & Aplicação,Infra Física,10
Renesas,Software & Aplicação,Modelos de IA,4
Renesas,Software & Aplicação,Software & Aplicação,271
Ricoh,Chips & Hardware,Chips & Hardware,347
Ricoh,Chips & Hardware,Infra Física,38
Ricoh,Chips & Hardware,Modelos de IA,2
Ricoh,Chips & Hardware,Software & Aplicação,8
Ricoh,Cloud & Compute,Chips & Hardware,3
Ricoh,Cloud & Compute,Cloud & Compute,1316
Ricoh,Cloud & Compute,Infra Física,17
Ricoh,Cloud & Compute,Modelos de IA,18
Ricoh,Cloud & Compute,Software & Aplicação,621
Ricoh,Infra Física,Chips & Hardware,51
Ricoh,Infra Física,Cloud & Compute,24
Ricoh,Infra Física,Infra Física,479
Ricoh,Infra Física,Modelos de IA,2
Ricoh,Infra Física,Software & Aplicação,20
Ricoh,Modelos de IA,Chips & Hardware,1
Ricoh,Modelos de IA,Cloud & Compute,104
Ricoh,Modelos de IA,Infra Física,1
Ricoh,Modelos de IA,Modelos de IA,97
Ricoh,Modelos de IA,Software & Aplicação,376
Ricoh,Software & Aplicação,Chips & Hardware,27
Ricoh,Software & Aplicação,Cloud & Compute,1042
Ricoh,Software & Aplicação,Infra Física,34
Ricoh,Software & Aplicação,Modelos de IA,228
Ricoh,Software & Aplicação,Software & Aplicação,9075
SAP,Chips & Hardware,Chips & Hardware,3
SAP,Chips & Hardware,Modelos de IA,11
SAP,Chips & Hardware,Software & Aplicação,4
SAP,Cloud & Compute,Chips & Hardware,20
SAP,Cloud & Compute,Cloud & Compute,3495
SAP,Cloud & Compute,Infra Física,83
SAP,Cloud & Compute,Modelos de IA,180
SAP,Cloud & Compute,Software & Aplicação,1777
SAP,Infra Física,Cloud & Compute,49
SAP,Infra Física,Infra Física,17
SAP,Infra Física,Modelos de IA,2
SAP,Infra Física,Software & Aplicação,26
SAP,Modelos de IA,Chips & Hardware,12
SAP,Modelos de IA,Cloud & Compute,320
SAP,Modelos de IA,Infra Física,14
SAP,Modelos de IA,Modelos de IA,532
SAP,Modelos de IA,Software & Aplicação,906
SAP,Software & Aplicação,Chips & Hardware,32
SAP,Software & Aplicação,Cloud & Compute,2734
SAP,Software & Aplicação,Infra Física,136
SAP,Software & Aplicação,Modelos de IA,902
SAP,Software & Aplicação,Software & Aplicação,11209
SK Hynix,Chips & Hardware,Chips & Hardware,15358
SK Hynix,Chips & Hardware,Cloud & Compute,25
SK Hynix,Chips & Hardware,Infra Física,268
SK Hynix,Chips & Hardware,Modelos de IA,110
SK Hynix,Chips & Hardware,Software & Aplicação,65
SK Hynix,Cloud & Compute,Chips & Hardware,22
SK Hynix,Cloud & Compute,Cloud & Compute,44
SK Hynix,Cloud & Compute,Infra Física,10
SK Hynix,Cloud & Compute,Modelos de IA,10
SK Hynix,Cloud & Compute,Software & Aplicação,6
SK Hynix,Infra Física,Chips & Hardware,275
SK Hynix,Infra Física,Cloud & Compute,60
SK Hynix,Infra Física,Infra Física,267
SK Hynix,Infra Física,Modelos de IA,12
SK Hynix,Infra Física,Software & Aplicação,16
SK Hynix,Modelos de IA,Chips & Hardware,179
SK Hynix,Modelos de IA,Cloud & Compute,8
SK Hynix,Modelos de IA,Infra Física,8
SK Hynix,Modelos de IA,Modelos de IA,90
SK Hynix,Modelos de IA,Software & Aplicação,36
SK Hynix,Software & Aplicação,Chips & Hardware,11
SK Hynix,Software & Aplicação,Modelos de IA,5
SK Hynix,Software & Aplicação,Software & Aplicação,87
STATS ChipPAC,Chips & Hardware,Chips & Hardware,19899
STATS ChipPAC,Chips & Hardware,Cloud & Compute,1
STATS ChipPAC,Chips & Hardware,Infra Física,31
STATS ChipPAC,Chips & Hardware,Software & Aplicação,97
STATS ChipPAC,Software & Aplicação,Chips & Hardware,1
STMicroelectronics,Chips & Hardware,Chips & Hardware,7220
STMicroelectronics,Chips & Hardware,Cloud & Compute,40
STMicroelectronics,Chips & Hardware,Infra Física,86
STMicroelectronics,Chips & Hardware,Modelos de IA,227
STMicroelectronics,Chips & Hardware,Software & Aplicação,160
STMicroelectronics,Cloud & Compute,Chips & Hardware,40
STMicroelectronics,Cloud & Compute,Cloud & Compute,57
STMicroelectronics,Cloud & Compute,Infra Física,19
STMicroelectronics,Cloud & Compute,Modelos de IA,33
STMicroelectronics,Cloud & Compute,Software & Aplicação,72
STMicroelectronics,Infra Física,Chips & Hardware,125
STMicroelectronics,Infra Física,Cloud & Compute,9
STMicroelectronics,Infra Física,Infra Física,339
STMicroelectronics,Infra Física,Modelos de IA,23
STMicroelectronics,Infra Física,Software & Aplicação,31
STMicroelectronics,Modelos de IA,Chips & Hardware,243
STMicroelectronics,Modelos de IA,Cloud & Compute,32
STMicroelectronics,Modelos de IA,Infra Física,24
STMicroelectronics,Modelos de IA,Modelos de IA,279
STMicroelectronics,Modelos de IA,Software & Aplicação,116
STMicroelectronics,Software & Aplicação,Chips & Hardware,177
STMicroelectronics,Software & Aplicação,Cloud & Compute,29
STMicroelectronics,Software & Aplicação,Infra Física,13
STMicroelectronics,Software & Aplicação,Modelos de IA,58
STMicroelectronics,Software & Aplicação,Software & Aplicação,1182
Salesforce,Chips & Hardware,Chips & Hardware,1
Salesforce,Chips & Hardware,Modelos de IA,35
Salesforce,Chips & Hardware,Software & Aplicação,41
Salesforce,Cloud & Compute,Chips & Hardware,36
Salesforce,Cloud & Compute,Cloud & Compute,16724
Salesforce,Cloud & Compute,Infra Física,45
Salesforce,Cloud & Compute,Modelos de IA,872
Salesforce,Cloud & Compute,Software & Aplicação,14985
Salesforce,Infra Física,Cloud & Compute,148
Salesforce,Infra Física,Infra Física,42
Salesforce,Infra Física,Modelos de IA,5
Salesforce,Infra Física,Software & Aplicação,149
Salesforce,Modelos de IA,Chips & Hardware,31
Salesforce,Modelos de IA,Cloud & Compute,2681
Salesforce,Modelos de IA,Infra Física,5
Salesforce,Modelos de IA,Modelos de IA,1834
Salesforce,Modelos de IA,Software & Aplicação,5296
Salesforce,Software & Aplicação,Chips & Hardware,36
Salesforce,Software & Aplicação,Cloud & Compute,13289
Salesforce,Software & Aplicação,Infra Física,17
Salesforce,Software & Aplicação,Modelos de IA,2502
Salesforce,Software & Aplicação,Software & Aplicação,17195
Samsung,Chips & Hardware,Chips & Hardware,63171
Samsung,Chips & Hardware,Cloud & Compute,274
Samsung,Chips & Hardware,Infra Física,1765
Samsung,Chips & Hardware,Modelos de IA,1113
Samsung,Chips & Hardware,Software & Aplicação,910
Samsung,Cloud & Compute,Chips & Hardware,142
Samsung,Cloud & Compute,Cloud & Compute,5224
Samsung,Cloud & Compute,Infra Física,891
Samsung,Cloud & Compute,Modelos de IA,324
Samsung,Cloud & Compute,Software & Aplicação,1706
Samsung,Infra Física,Chips & Hardware,1747
Samsung,Infra Física,Cloud & Compute,1076
Samsung,Infra Física,Infra Física,9619
Samsung,Infra Física,Modelos de IA,169
Samsung,Infra Física,Software & Aplicação,841
Samsung,Modelos de IA,Chips & Hardware,1244
Samsung,Modelos de IA,Cloud & Compute,555
Samsung,Modelos de IA,Infra Física,239
Samsung,Modelos de IA,Modelos de IA,2815
Samsung,Modelos de IA,Software & Aplicação,4143
Samsung,Software & Aplicação,Chips & Hardware,666
Samsung,Software & Aplicação,Cloud & Compute,1530
Samsung,Software & Aplicação,Infra Física,390
Samsung,Software & Aplicação,Modelos de IA,2514
Samsung,Software & Aplicação,Software & Aplicação,27922
SanDisk,Chips & Hardware,Chips & Hardware,23082
SanDisk,Chips & Hardware,Cloud & Compute,150
SanDisk,Chips & Hardware,Infra Física,504
SanDisk,Chips & Hardware,Modelos de IA,99
SanDisk,Chips & Hardware,Software & Aplicação,51
SanDisk,Cloud & Compute,Chips & Hardware,81
SanDisk,Cloud & Compute,Cloud & Compute,149
SanDisk,Cloud & Compute,Infra Física,101
SanDisk,Cloud & Compute,Modelos de IA,5
SanDisk,Cloud & Compute,Software & Aplicação,10
SanDisk,Infra Física,Chips & Hardware,1104
SanDisk,Infra Física,Cloud & Compute,106
SanDisk,Infra Física,Infra Física,527
SanDisk,Infra Física,Modelos de IA,6
SanDisk,Infra Física,Software & Aplicação,5
SanDisk,Modelos de IA,Chips & Hardware,270
SanDisk,Modelos de IA,Cloud & Compute,14
SanDisk,Modelos de IA,Infra Física,4
SanDisk,Modelos de IA,Modelos de IA,83
SanDisk,Modelos de IA,Software & Aplicação,8
SanDisk,Software & Aplicação,Chips & Hardware,43
SanDisk,Software & Aplicação,Cloud & Compute,5
SanDisk,Software & Aplicação,Infra Física,3
SanDisk,Software & Aplicação,Modelos de IA,10
SanDisk,Software & Aplicação,Software & Aplicação,92
Seiko Epson,Chips & Hardware,Chips & Hardware,4893
Seiko Epson,Chips & Hardware,Cloud & Compute,4
Seiko Epson,Chips & Hardware,Infra Física,31
Seiko Epson,Chips & Hardware,Software & Aplicação,11
Seiko Epson,Cloud & Compute,Cloud & Compute,284
Seiko Epson,Cloud & Compute,Infra Física,28
Seiko Epson,Cloud & Compute,Modelos de IA,8
Seiko Epson,Cloud & Compute,Software & Aplicação,177
Seiko Epson,Infra Física,Chips & Hardware,54
Seiko Epson,Infra Física,Cloud & Compute,4
Seiko Epson,Infra Física,Infra Física,654
Seiko Epson,Infra Física,Modelos de IA,2
Seiko Epson,Infra Física,Software & Aplicação,12
Seiko Epson,Modelos de IA,Chips & Hardware,1
Seiko Epson,Modelos de IA,Cloud & Compute,1
Seiko Epson,Modelos de IA,Modelos de IA,15
Seiko Epson,Modelos de IA,Software & Aplicação,21
Seiko Epson,Software & Aplicação,Chips & Hardware,48
Seiko Epson,Software & Aplicação,Cloud & Compute,129
Seiko Epson,Software & Aplicação,Infra Física,5
Seiko Epson,Software & Aplicação,Modelos de IA,34
Seiko Epson,Software & Aplicação,Software & Aplicação,3316
Semiconductor Energy Lab,Chips & Hardware,Chips & Hardware,41346
Semiconductor Energy Lab,Chips & Hardware,Cloud & Compute,30
Semiconductor Energy Lab,Chips & Hardware,Infra Física,382
Semiconductor Energy Lab,Chips & Hardware,Modelos de IA,293
Semiconductor Energy Lab,Chips & Hardware,Software & Aplicação,165
Semiconductor Energy Lab,Cloud & Compute,Chips & Hardware,2
Semiconductor Energy Lab,Cloud & Compute,Cloud & Compute,4
Semiconductor Energy Lab,Cloud & Compute,Software & Aplicação,30
Semiconductor Energy Lab,Infra Física,Chips & Hardware,1478
Semiconductor Energy Lab,Infra Física,Cloud & Compute,17
Semiconductor Energy Lab,Infra Física,Infra Física,1393
Semiconductor Energy Lab,Infra Física,Modelos de IA,25
Semiconductor Energy Lab,Infra Física,Software & Aplicação,41
Semiconductor Energy Lab,Modelos de IA,Chips & Hardware,363
Semiconductor Energy Lab,Modelos de IA,Cloud & Compute,21
Semiconductor Energy Lab,Modelos de IA,Infra Física,81
Semiconductor Energy Lab,Modelos de IA,Modelos de IA,286
Semiconductor Energy Lab,Modelos de IA,Software & Aplicação,144
Semiconductor Energy Lab,Software & Aplicação,Chips & Hardware,150
Semiconductor Energy Lab,Software & Aplicação,Cloud & Compute,8
Semiconductor Energy Lab,Software & Aplicação,Infra Física,33
Semiconductor Energy Lab,Software & Aplicação,Modelos de IA,63
Semiconductor Energy Lab,Software & Aplicação,Software & Aplicação,523
Sharp,Chips & Hardware,Chips & Hardware,3303
Sharp,Chips & Hardware,Cloud & Compute,1
Sharp,Chips & Hardware,Infra Física,14
Sharp,Chips & Hardware,Modelos de IA,5
Sharp,Chips & Hardware,Software & Aplicação,10
Sharp,Cloud & Compute,Chips & Hardware,1
Sharp,Cloud & Compute,Cloud & Compute,404
Sharp,Cloud & Compute,Infra Física,35
Sharp,Cloud & Compute,Modelos de IA,47
Sharp,Cloud & Compute,Software & Aplicação,640
Sharp,Infra Física,Chips & Hardware,9
Sharp,Infra Física,Cloud & Compute,34
Sharp,Infra Física,Infra Física,217
Sharp,Infra Física,Modelos de IA,2
Sharp,Infra Física,Software & Aplicação,65
Sharp,Modelos de IA,Chips & Hardware,4
Sharp,Modelos de IA,Cloud & Compute,1
Sharp,Modelos de IA,Modelos de IA,14
Sharp,Modelos de IA,Software & Aplicação,7
Sharp,Software & Aplicação,Chips & Hardware,18
Sharp,Software & Aplicação,Cloud & Compute,147
Sharp,Software & Aplicação,Infra Física,22
Sharp,Software & Aplicação,Modelos de IA,62
Sharp,Software & Aplicação,Software & Aplicação,3698
Shin-Etsu,Chips & Hardware,Chips & Hardware,6634
Shin-Etsu,Chips & Hardware,Infra Física,4
Shin-Etsu,Chips & Hardware,Modelos de IA,1
Shin-Etsu,Chips & Hardware,Software & Aplicação,17
Shin-Etsu,Infra Física,Chips & Hardware,8
Shin-Etsu,Infra Física,Infra Física,1
Shin-Etsu,Software & Aplicação,Chips & Hardware,4
Shin-Etsu,Software & Aplicação,Software & Aplicação,2
Siemens,Chips & Hardware,Chips & Hardware,1203
Siemens,Chips & Hardware,Cloud & Compute,5
Siemens,Chips & Hardware,Infra Física,80
Siemens,Chips & Hardware,Modelos de IA,14
Siemens,Chips & Hardware,Software & Aplicação,7
Siemens,Cloud & Compute,Chips & Hardware,4
Siemens,Cloud & Compute,Cloud & Compute,683
Siemens,Cloud & Compute,Infra Física,46
Siemens,Cloud & Compute,Modelos de IA,27
Siemens,Cloud & Compute,Software & Aplicação,227
Siemens,Infra Física,Chips & Hardware,236
Siemens,Infra Física,Cloud & Compute,55
Siemens,Infra Física,Infra Física,1555
Siemens,Infra Física,Modelos de IA,32
Siemens,Infra Física,Software & Aplicação,104
Siemens,Modelos de IA,Chips & Hardware,25
Siemens,Modelos de IA,Cloud & Compute,49
Siemens,Modelos de IA,Infra Física,30
Siemens,Modelos de IA,Modelos de IA,506
Siemens,Modelos de IA,Software & Aplicação,841
Siemens,Software & Aplicação,Chips & Hardware,60
Siemens,Software & Aplicação,Cloud & Compute,313
Siemens,Software & Aplicação,Infra Física,131
Siemens,Software & Aplicação,Modelos de IA,631
Siemens,Software & Aplicação,Software & Aplicação,9166
Snap,Chips & Hardware,Chips & Hardware,12
Snap,Chips & Hardware,Cloud & Compute,115
Snap,Chips & Hardware,Modelos de IA,18
Snap,Chips & Hardware,Software & Aplicação,139
Snap,Cloud & Compute,Chips & Hardware,11
Snap,Cloud & Compute,Cloud & Compute,12373
Snap,Cloud & Compute,Infra Física,46
Snap,Cloud & Compute,Modelos de IA,1118
Snap,Cloud & Compute,Software & Aplicação,16799
Snap,Infra Física,Chips & Hardware,9
Snap,Infra Física,Cloud & Compute,575
Snap,Infra Física,Infra Física,310
Snap,Infra Física,Modelos de IA,25
Snap,Infra Física,Software & Aplicação,380
Snap,Modelos de IA,Chips & Hardware,18
Snap,Modelos de IA,Cloud & Compute,3112
Snap,Modelos de IA,Infra Física,22
Snap,Modelos de IA,Modelos de IA,901
Snap,Modelos de IA,Software & Aplicação,6489
Snap,Software & Aplicação,Chips & Hardware,28
Snap,Software & Aplicação,Cloud & Compute,27858
Snap,Software & Aplicação,Infra Física,213
Snap,Software & Aplicação,Modelos de IA,4311
Snap,Software & Aplicação,Software & Aplicação,52891
Sony,Chips & Hardware,Chips & Hardware,5644
Sony,Chips & Hardware,Cloud & Compute,5
Sony,Chips & Hardware,Infra Física,204
Sony,Chips & Hardware,Modelos de IA,42
Sony,Chips & Hardware,Software & Aplicação,84
Sony,Cloud & Compute,Chips & Hardware,17
Sony,Cloud & Compute,Cloud & Compute,5133
Sony,Cloud & Compute,Infra Física,231
Sony,Cloud & Compute,Modelos de IA,179
Sony,Cloud & Compute,Software & Aplicação,2606
Sony,Infra Física,Chips & Hardware,314
Sony,Infra Física,Cloud & Compute,110
Sony,Infra Física,Infra Física,2195
Sony,Infra Física,Modelos de IA,6
Sony,Infra Física,Software & Aplicação,169
Sony,Modelos de IA,Chips & Hardware,32
Sony,Modelos de IA,Cloud & Compute,126
Sony,Modelos de IA,Infra Física,20
Sony,Modelos de IA,Modelos de IA,526
Sony,Modelos de IA,Software & Aplicação,944
Sony,Software & Aplicação,Chips & Hardware,173
Sony,Software & Aplicação,Cloud & Compute,1446
Sony,Software & Aplicação,Infra Física,121
Sony,Software & Aplicação,Modelos de IA,761
Sony,Software & Aplicação,Software & Aplicação,21533
Sumitomo Electric,Chips & Hardware,Chips & Hardware,6095
Sumitomo Electric,Chips & Hardware,Cloud & Compute,1
Sumitomo Electric,Chips & Hardware,Infra Física,67
Sumitomo Electric,Chips & Hardware,Modelos de IA,9
Sumitomo Electric,Chips & Hardware,Software & Aplicação,7
Sumitomo Electric,Cloud & Compute,Chips & Hardware,1
Sumitomo Electric,Cloud & Compute,Cloud & Compute,208
Sumitomo Electric,Cloud & Compute,Infra Física,9
Sumitomo Electric,Cloud & Compute,Modelos de IA,6
Sumitomo Electric,Cloud & Compute,Software & Aplicação,44
Sumitomo Electric,Infra Física,Chips & Hardware,124
Sumitomo Electric,Infra Física,Cloud & Compute,8
Sumitomo Electric,Infra Física,Infra Física,752
Sumitomo Electric,Infra Física,Software & Aplicação,8
Sumitomo Electric,Modelos de IA,Chips & Hardware,8
Sumitomo Electric,Modelos de IA,Cloud & Compute,2
Sumitomo Electric,Modelos de IA,Modelos de IA,35
Sumitomo Electric,Modelos de IA,Software & Aplicação,15
Sumitomo Electric,Software & Aplicação,Chips & Hardware,30
Sumitomo Electric,Software & Aplicação,Cloud & Compute,27
Sumitomo Electric,Software & Aplicação,Infra Física,3
Sumitomo Electric,Software & Aplicação,Modelos de IA,51
Sumitomo Electric,Software & Aplicação,Software & Aplicação,1826
TSMC,Chips & Hardware,Chips & Hardware,136387
TSMC,Chips & Hardware,Cloud & Compute,35
TSMC,Chips & Hardware,Infra Física,274
TSMC,Chips & Hardware,Modelos de IA,108
TSMC,Chips & Hardware,Software & Aplicação,424
TSMC,Cloud & Compute,Chips & Hardware,25
TSMC,Cloud & Compute,Cloud & Compute,80
TSMC,Cloud & Compute,Infra Física,1
TSMC,Cloud & Compute,Modelos de IA,5
TSMC,Cloud & Compute,Software & Aplicação,9
TSMC,Infra Física,Chips & Hardware,170
TSMC,Infra Física,Cloud & Compute,6
TSMC,Infra Física,Infra Física,55
TSMC,Infra Física,Modelos de IA,1
TSMC,Modelos de IA,Chips & Hardware,101
TSMC,Modelos de IA,Infra Física,5
TSMC,Modelos de IA,Modelos de IA,85
TSMC,Modelos de IA,Software & Aplicação,17
TSMC,Software & Aplicação,Chips & Hardware,749
TSMC,Software & Aplicação,Cloud & Compute,10
TSMC,Software & Aplicação,Modelos de IA,32
TSMC,Software & Aplicação,Software & Aplicação,564
Tencent,Chips & Hardware,Chips & Hardware,583
Tencent,Chips & Hardware,Cloud & Compute,2
Tencent,Chips & Hardware,Infra Física,89
Tencent,Chips & Hardware,Modelos de IA,34
Tencent,Chips & Hardware,Software & Aplicação,22
Tencent,Cloud & Compute,Chips & Hardware,12
Tencent,Cloud & Compute,Cloud & Compute,703
Tencent,Cloud & Compute,Infra Física,14
Tencent,Cloud & Compute,Modelos de IA,69
Tencent,Cloud & Compute,Software & Aplicação,354
Tencent,Infra Física,Chips & Hardware,334
Tencent,Infra Física,Cloud & Compute,22
Tencent,Infra Física,Infra Física,1172
Tencent,Infra Física,Modelos de IA,38
Tencent,Infra Física,Software & Aplicação,101
Tencent,Modelos de IA,Chips & Hardware,38
Tencent,Modelos de IA,Cloud & Compute,54
Tencent,Modelos de IA,Infra Física,2
Tencent,Modelos de IA,Modelos de IA,381
Tencent,Modelos de IA,Software & Aplicação,596
Tencent,Software & Aplicação,Chips & Hardware,25
Tencent,Software & Aplicação,Cloud & Compute,210
Tencent,Software & Aplicação,Infra Física,15
Tencent,Software & Aplicação,Modelos de IA,417
Tencent,Software & Aplicação,Software & Aplicação,2696
Texas Instruments,Chips & Hardware,Chips & Hardware,14463
Texas Instruments,Chips & Hardware,Cloud & Compute,9
Texas Instruments,Chips & Hardware,Infra Física,97
Texas Instruments,Chips & Hardware,Modelos de IA,31
Texas Instruments,Chips & Hardware,Software & Aplicação,61
Texas Instruments,Cloud & Compute,Chips & Hardware,17
Texas Instruments,Cloud & Compute,Cloud & Compute,269
Texas Instruments,Cloud & Compute,Infra Física,155
Texas Instruments,Cloud & Compute,Modelos de IA,4
Texas Instruments,Cloud & Compute,Software & Aplicação,53
Texas Instruments,Infra Física,Chips & Hardware,193
Texas Instruments,Infra Física,Cloud & Compute,208
Texas Instruments,Infra Física,Infra Física,1265
Texas Instruments,Infra Física,Modelos de IA,2
Texas Instruments,Infra Física,Software & Aplicação,45
Texas Instruments,Modelos de IA,Chips & Hardware,35
Texas Instruments,Modelos de IA,Cloud & Compute,4
Texas Instruments,Modelos de IA,Infra Física,2
Texas Instruments,Modelos de IA,Modelos de IA,39
Texas Instruments,Modelos de IA,Software & Aplicação,33
Texas Instruments,Software & Aplicação,Chips & Hardware,66
Texas Instruments,Software & Aplicação,Cloud & Compute,32
Texas Instruments,Software & Aplicação,Infra Física,17
Texas Instruments,Software & Aplicação,Modelos de IA,42
Texas Instruments,Software & Aplicação,Software & Aplicação,1261
Tokyo Electron,Chips & Hardware,Chips & Hardware,19416
Tokyo Electron,Chips & Hardware,Cloud & Compute,11
Tokyo Electron,Chips & Hardware,Infra Física,28
Tokyo Electron,Chips & Hardware,Modelos de IA,45
Tokyo Electron,Chips & Hardware,Software & Aplicação,170
Tokyo Electron,Cloud & Compute,Chips & Hardware,3
Tokyo Electron,Infra Física,Chips & Hardware,7
Tokyo Electron,Infra Física,Infra Física,3
Tokyo Electron,Modelos de IA,Chips & Hardware,84
Tokyo Electron,Modelos de IA,Modelos de IA,43
Tokyo Electron,Modelos de IA,Software & Aplicação,56
Tokyo Electron,Software & Aplicação,Chips & Hardware,219
Tokyo Electron,Software & Aplicação,Infra Física,3
Tokyo Electron,Software & Aplicação,Modelos de IA,7
Tokyo Electron,Software & Aplicação,Software & Aplicação,88
Toshiba,Chips & Hardware,Chips & Hardware,20138
Toshiba,Chips & Hardware,Cloud & Compute,9
Toshiba,Chips & Hardware,Infra Física,557
Toshiba,Chips & Hardware,Modelos de IA,68
Toshiba,Chips & Hardware,Software & Aplicação,114
Toshiba,Cloud & Compute,Chips & Hardware,8
Toshiba,Cloud & Compute,Cloud & Compute,485
Toshiba,Cloud & Compute,Infra Física,43
Toshiba,Cloud & Compute,Modelos de IA,27
Toshiba,Cloud & Compute,Software & Aplicação,144
Toshiba,Infra Física,Chips & Hardware,848
Toshiba,Infra Física,Cloud & Compute,64
Toshiba,Infra Física,Infra Física,2754
Toshiba,Infra Física,Modelos de IA,7
Toshiba,Infra Física,Software & Aplicação,88
Toshiba,Modelos de IA,Chips & Hardware,87
Toshiba,Modelos de IA,Cloud & Compute,30
Toshiba,Modelos de IA,Infra Física,9
Toshiba,Modelos de IA,Modelos de IA,217
Toshiba,Modelos de IA,Software & Aplicação,199
Toshiba,Software & Aplicação,Chips & Hardware,126
Toshiba,Software & Aplicação,Cloud & Compute,151
Toshiba,Software & Aplicação,Infra Física,88
Toshiba,Software & Aplicação,Modelos de IA,170
Toshiba,Software & Aplicação,Software & Aplicação,6258
Toyota,Chips & Hardware,Chips & Hardware,1725
Toyota,Chips & Hardware,Cloud & Compute,2
Toyota,Chips & Hardware,Infra Física,485
Toyota,Chips & Hardware,Modelos de IA,18
Toyota,Chips & Hardware,Software & Aplicação,11
Toyota,Cloud & Compute,Chips & Hardware,2
Toyota,Cloud & Compute,Cloud & Compute,305
Toyota,Cloud & Compute,Infra Física,38
Toyota,Cloud & Compute,Modelos de IA,34
Toyota,Cloud & Compute,Software & Aplicação,140
Toyota,Infra Física,Chips & Hardware,831
Toyota,Infra Física,Cloud & Compute,38
Toyota,Infra Física,Infra Física,2206
Toyota,Infra Física,Modelos de IA,10
Toyota,Infra Física,Software & Aplicação,47
Toyota,Modelos de IA,Chips & Hardware,13
Toyota,Modelos de IA,Cloud & Compute,79
Toyota,Modelos de IA,Infra Física,34
Toyota,Modelos de IA,Modelos de IA,345
Toyota,Modelos de IA,Software & Aplicação,507
Toyota,Software & Aplicação,Chips & Hardware,12
Toyota,Software & Aplicação,Cloud & Compute,337
Toyota,Software & Aplicação,Infra Física,51
Toyota,Software & Aplicação,Modelos de IA,461
Toyota,Software & Aplicação,Software & Aplicação,3940
VMware,Chips & Hardware,Chips & Hardware,1
VMware,Chips & Hardware,Cloud & Compute,4
VMware,Chips & Hardware,Infra Física,1
VMware,Chips & Hardware,Modelos de IA,2
VMware,Cloud & Compute,Chips & Hardware,33
VMware,Cloud & Compute,Cloud & Compute,17981
VMware,Cloud & Compute,Infra Física,369
VMware,Cloud & Compute,Modelos de IA,483
VMware,Cloud & Compute,Software & Aplicação,1311
VMware,Infra Física,Cloud & Compute,147
VMware,Infra Física,Infra Física,69
VMware,Infra Física,Modelos de IA,6
VMware,Infra Física,Software & Aplicação,26
VMware,Modelos de IA,Chips & Hardware,4
VMware,Modelos de IA,Cloud & Compute,281
VMware,Modelos de IA,Infra Física,6
VMware,Modelos de IA,Modelos de IA,151
VMware,Modelos de IA,Software & Aplicação,87
VMware,Software & Aplicação,Chips & Hardware,3
VMware,Software & Aplicação,Cloud & Compute,676
VMware,Software & Aplicação,Infra Física,59
VMware,Software & Aplicação,Modelos de IA,25
VMware,Software & Aplicação,Software & Aplicação,512
Verizon,Chips & Hardware,Chips & Hardware,1
Verizon,Chips & Hardware,Software & Aplicação,1
Verizon,Cloud & Compute,Chips & Hardware,2
Verizon,Cloud & Compute,Cloud & Compute,2617
Verizon,Cloud & Compute,Infra Física,62
Verizon,Cloud & Compute,Modelos de IA,111
Verizon,Cloud & Compute,Software & Aplicação,1875
Verizon,Infra Física,Chips & Hardware,2
Verizon,Infra Física,Cloud & Compute,10
Verizon,Infra Física,Infra Física,54
Verizon,Infra Física,Modelos de IA,1
Verizon,Infra Física,Software & Aplicação,5
Verizon,Modelos de IA,Chips & Hardware,2
Verizon,Modelos de IA,Cloud & Compute,99
Verizon,Modelos de IA,Infra Física,7
Verizon,Modelos de IA,Modelos de IA,148
Verizon,Modelos de IA,Software & Aplicação,286
Verizon,Software & Aplicação,Chips & Hardware,7
Verizon,Software & Aplicação,Cloud & Compute,1422
Verizon,Software & Aplicação,Infra Física,21
Verizon,Software & Aplicação,Modelos de IA,186
Verizon,Software & Aplicação,Software & Aplicação,3483
Winbond,Chips & Hardware,Chips & Hardware,14054
Winbond,Chips & Hardware,Cloud & Compute,4
Winbond,Chips & Hardware,Infra Física,77
Winbond,Chips & Hardware,Modelos de IA,54
Winbond,Chips & Hardware,Software & Aplicação,75
Winbond,Infra Física,Chips & Hardware,38
Winbond,Infra Física,Cloud & Compute,2
Winbond,Infra Física,Infra Física,23
Winbond,Infra Física,Modelos de IA,4
Winbond,Modelos de IA,Chips & Hardware,46
Winbond,Modelos de IA,Cloud & Compute,1
Winbond,Modelos de IA,Infra Física,2
Winbond,Modelos de IA,Modelos de IA,79
Winbond,Modelos de IA,Software & Aplicação,31
Winbond,Software & Aplicação,Chips & Hardware,64
Winbond,Software & Aplicação,Modelos de IA,30
Winbond,Software & Aplicação,Software & Aplicação,140
Xerox,Chips & Hardware,Chips & Hardware,476
Xerox,Chips & Hardware,Cloud & Compute,1
Xerox,Chips & Hardware,Infra Física,2
Xerox,Chips & Hardware,Modelos de IA,2
Xerox,Chips & Hardware,Software & Aplicação,5
Xerox,Cloud & Compute,Cloud & Compute,282
Xerox,Cloud & Compute,Infra Física,2
Xerox,Cloud & Compute,Modelos de IA,31
Xerox,Cloud & Compute,Software & Aplicação,260
Xerox,Infra Física,Chips & Hardware,1
Xerox,Infra Física,Cloud & Compute,3
Xerox,Infra Física,Infra Física,37
Xerox,Infra Física,Software & Aplicação,12
Xerox,Modelos de IA,Chips & Hardware,5
Xerox,Modelos de IA,Cloud & Compute,87
Xerox,Modelos de IA,Infra Física,2
Xerox,Modelos de IA,Modelos de IA,123
Xerox,Modelos de IA,Software & Aplicação,249
Xerox,Software & Aplicação,Chips & Hardware,46
Xerox,Software & Aplicação,Cloud & Compute,395
Xerox,Software & Aplicação,Infra Física,23
Xerox,Software & Aplicação,Modelos de IA,261
Xerox,Software & Aplicação,Software & Aplicação,7157
