org,pct_feitas,periodo,pct_recebidas
AMD,2.444383411150783,2000-04,1.5251507783636995
AMD,2.0457280385078223,2005-09,1.2576687116564418
AMD,1.3169845594913716,2010-14,1.0900745840504877
AMD,1.0711553175210407,2015-19,1.3793103448275863
AMD,1.3742926434923202,2020-25,1.6348773841961852
AMD,1.893939393939394,Até 1999,1.1480453215277255
AMD,2.0278422273781906,Total,1.3854227833235466
ASML,1.893095768374165,2000-04,0.5076142131979695
ASML,3.52239633892664,2005-09,0.4681732240929144
ASML,3.926501148419556,2010-14,0.5911778080945885
ASML,1.7869108778199687,2015-19,1.6045548654244308
ASML,1.0131108462455305,2020-25,1.1589403973509933
ASML,0.0,Até 1999,0.42689434364994666
ASML,2.605843406426532,Total,0.6042296072507553
AT&T,2.643171806167401,2000-04,1.3661710037174721
AT&T,1.7739025856885149,2005-09,0.9647495361781077
AT&T,1.1888520756187877,2010-14,0.5000333355557037
AT&T,1.6390977443609023,2015-19,0.5818181818181818
AT&T,1.7725052337752967,2020-25,1.9933554817275747
AT&T,2.586206896551724,Até 1999,2.3759741494012543
AT&T,1.5765316304130912,Total,1.0374499524409937
Accenture,9.090909090909092,2000-04,1.0101010101010102
Accenture,0.8849557522123894,2005-09,0.554016620498615
Accenture,1.3874788494077834,2010-14,0.556253364435672
Accenture,1.6998542982030111,2015-19,0.6765899864682002
Accenture,2.380952380952381,2020-25,1.1206896551724137
Accenture,1.7341772151898736,Total,0.6514015001973944
Adobe,4.104477611940299,2000-04,0.7231703789412786
Adobe,4.059196617336152,2005-09,1.046337817638266
Adobe,4.283502494409083,2010-14,1.3883901855176541
Adobe,3.394742289381081,2015-19,2.0577307802229208
Adobe,2.6148730350665055,2020-25,2.046229632436529
Adobe,2.4390243902439024,Até 1999,0.27681660899653976
Adobe,3.4876253519735214,Total,1.3547188618549226
Amazon,0.7751937984496124,2005-09,0.09765625
Amazon,2.2116554240849275,2010-14,0.36314984709480125
Amazon,1.8349549840526465,2015-19,0.5663139865742147
Amazon,1.6368220071923776,2020-25,0.9539589295576643
Amazon,1.7691024002272404,Total,0.5824316521477167
Apple,3.9617486338797816,2000-04,0.5962239152037099
Apple,1.4547160957297043,2005-09,0.3798480607756897
Apple,2.3679346989065144,2010-14,0.6013398982968763
Apple,2.5222259372615587,2015-19,0.40061944519256665
Apple,1.6040716457620678,2020-25,0.7820831852115179
Apple,2.2900763358778624,Até 1999,1.036572012555661
Apple,2.0132177102036137,Total,0.6057494866529775
Applied Materials,1.9908116385911179,2000-04,0.34183705766917766
Applied Materials,1.873008090218191,2005-09,0.23330121215195007
Applied Materials,1.7635782747603832,2010-14,0.22138455094836354
Applied Materials,2.2306587317874,2015-19,0.18101731732335727
Applied Materials,1.9234990670617933,2020-25,0.7539410555174777
Applied Materials,2.18978102189781,Até 1999,0.2987675837171667
Applied Materials,2.0023930687502705,Total,0.2832452785386579
BOE,0.0,2010-14,0.0
BOE,3.3868092691622103,2015-19,2.6022304832713754
BOE,4.141208418194162,2020-25,3.225806451612903
BOE,3.9292730844793713,Total,2.9459901800327333
Baidu,3.0470914127423825,2015-19,3.2828282828282833
Baidu,3.522205206738132,2020-25,3.680336487907466
Baidu,3.474903474903475,Total,3.499713138267355
Bank of America,0.0,2005-09,0.0
Bank of America,1.8154311649016641,2010-14,1.054746358613762
Bank of America,0.49059689288634506,2015-19,0.11337868480725624
Bank of America,2.80546327057955,2020-25,0.8557457212713936
Bank of America,2.291783119060928,Total,0.6334459459459459
BlackBerry,0.0,2000-04,0.9082217973231358
BlackBerry,0.3777148253068933,2005-09,0.5316973415132925
BlackBerry,0.902668759811617,2010-14,0.1441299790356394
BlackBerry,0.7718696397941681,2015-19,0.1606425702811245
BlackBerry,0.6028636021100227,2020-25,3.1446540880503147
BlackBerry,,Até 1999,0.0
BlackBerry,0.7528786536758193,Total,0.3649901452660778
Boeing,1.875,2000-04,1.2084592145015105
Boeing,2.6615969581749046,2005-09,2.214022140221402
Boeing,2.606806661839247,2010-14,1.1428571428571428
Boeing,4.501969611705121,2015-19,2.066340402392605
Boeing,4.321808510638299,2020-25,2.827763496143959
Boeing,16.666666666666664,Até 1999,5.839416058394161
Boeing,3.716847217033993,Total,1.9303338171262698
Bosch,1.0256410256410255,2000-04,1.1811023622047243
Bosch,0.5524861878453038,2005-09,0.1984126984126984
Bosch,3.7453183520599254,2010-14,0.8896797153024912
Bosch,2.9838709677419355,2015-19,1.3322884012539185
Bosch,4.381245196003074,2020-25,2.569593147751606
Bosch,0.0,Até 1999,10.234899328859061
Bosch,3.388473852721451,Total,2.0140822007532337
Broadcom,0.6266786034019696,2000-04,0.1444043321299639
Broadcom,1.8912529550827424,2005-09,0.8816547982366905
Broadcom,2.1108179419525066,2010-14,1.905459875412239
Broadcom,1.672085462145843,2015-19,2.6563838903170525
Broadcom,0.21141649048625794,2020-25,2.912621359223301
Broadcom,1.781798245614035,Total,1.3680547221888875
Canon,3.886118038237739,2000-04,1.9430569430569429
Canon,2.7767539009706352,2005-09,1.769093669549145
Canon,3.279648609077599,2010-14,2.005247376311844
Canon,4.821697639377198,2015-19,1.9014693171996542
Canon,7.204572643892064,2020-25,2.4087024087024087
Canon,0.7173601147776184,Até 1999,1.6617912491442086
Canon,4.3327250250191325,Total,1.8392303929561389
Capital One,0.0,2000-04,
Capital One,0.0,2010-14,4.166666666666666
Capital One,1.4176663031624863,2015-19,0.6614303431169904
Capital One,1.836646499567848,2020-25,0.6645817044566067
Capital One,1.7974658677929478,Total,0.7130124777183601
Cisco,1.76678445229682,2000-04,0.5530175522962251
Cisco,1.4527845036319613,2005-09,0.36846698341898576
Cisco,1.0355695632597928,2010-14,0.6637984019668101
Cisco,1.1609158336020637,2015-19,1.1548396900167148
Cisco,1.6512253436939628,2020-25,0.7096392667060911
Cisco,0.0,Até 1999,0.0
Cisco,1.3958810068649887,Total,0.6556424003617337
Dell,0.25510204081632654,2000-04,0.12033694344163659
Dell,0.19083969465648853,2005-09,0.6637168141592921
Dell,0.2737850787132101,2010-14,1.167076167076167
Dell,0.5838967424708051,2015-19,2.6733500417710943
Dell,0.6543385490753912,2020-25,1.0284810126582278
Dell,0.0,Até 1999,0.24937655860349126
Dell,0.5328078242464054,Total,1.014362657091562
Denso,4.617834394904459,2000-04,3.1643293779216113
Denso,1.756311745334797,2005-09,1.670297748729121
Denso,1.966568338249754,2010-14,1.418918918918919
Denso,3.4669555796316356,2015-19,1.5513126491646778
Denso,4.57089552238806,2020-25,2.941176470588235
Denso,0.6329113924050633,Até 1999,1.4506769825918762
Denso,3.1216818857506903,Total,2.072420860851742
EMC,0.46728971962616817,2000-04,0.132890365448505
EMC,0.16863406408094433,2005-09,0.33065658951346244
EMC,0.22388059701492538,2010-14,0.6647278770253428
EMC,0.38910505836575876,2015-19,0.47646549234767543
EMC,0.4352557127312296,2020-25,0.921942224953903
EMC,2.857142857142857,Até 1999,0.1896633475580844
EMC,0.385256143273636,Total,0.4610978983643159
ETRI,7.894736842105263,2000-04,1.9008825526137134
ETRI,7.4074074074074066,2005-09,5.84144645340751
ETRI,7.297830374753452,2010-14,4.363001745200698
ETRI,7.8431372549019605,2015-19,2.196078431372549
ETRI,8.327868852459016,2020-25,6.0606060606060606
ETRI,2.5,Até 1999,3.431372549019608
ETRI,7.800891530460624,Total,3.4798845696825667
Ericsson,2.056555269922879,2000-04,0.8042151968940654
Ericsson,1.4970059880239521,2005-09,0.5867014341590613
Ericsson,0.8620689655172413,2010-14,0.4518072289156626
Ericsson,1.9860973187686197,2015-19,3.6018957345971563
Ericsson,2.148997134670487,2020-25,1.639344262295082
Ericsson,0.0,Até 1999,1.3398294762484775
Ericsson,1.8508287292817678,Total,1.1401208528103979
Ford,2.4271844660194173,2000-04,1.8627450980392157
Ford,3.5502958579881656,2005-09,1.715686274509804
Ford,3.9800995024875623,2010-14,0.53475935828877
Ford,1.7889087656529516,2015-19,1.9060585432266848
Ford,4.077791718946048,2020-25,3.0448717948717947
Ford,1.6666666666666667,Até 1999,3.0303030303030303
Ford,3.304377448475558,Total,1.8871381458409675
Fujifilm,3.691275167785235,2000-04,2.0656584286241237
Fujifilm,3.368794326241135,2005-09,1.739874500855676
Fujifilm,3.0341990228850606,2010-14,3.0482456140350878
Fujifilm,4.13022351797862,2015-19,2.515723270440252
Fujifilm,3.4497090606816294,2020-25,3.217821782178218
Fujifilm,2.312138728323699,Até 1999,1.8913480885311873
Fujifilm,3.4043362495245337,Total,2.329629133752845
Fujitsu,1.9704433497536946,2000-04,0.8892841262783459
Fujitsu,1.6414141414141417,2005-09,1.2025114398212196
Fujitsu,1.7380509000620732,2010-14,1.0264508487958943
Fujitsu,2.292263610315186,2015-19,6.512729425695678
Fujitsu,3.3974358974358974,2020-25,2.9644268774703555
Fujitsu,2.2144522144522143,Até 1999,1.450854171824709
Fujitsu,1.9759526125011049,Total,1.3037407455513703
GE,3.4564958283671037,2000-04,2.4853296513634793
GE,6.0112073357106475,2005-09,3.5739478015518458
GE,8.960074280408541,2010-14,2.374429223744292
GE,5.528134254689043,2015-19,4.8417132216014895
GE,3.5208836727649295,2020-25,4.936708860759493
GE,10.416666666666668,Até 1999,4.041954464057303
GE,6.125524109014675,Total,3.2456980959126707
General Motors,2.5974025974025974,2000-04,1.8396846254927726
General Motors,9.937888198757763,2005-09,1.3464991023339317
General Motors,2.6595744680851063,2010-14,1.724813798510388
General Motors,3.1990521327014214,2015-19,1.035598705501618
General Motors,3.671437461107654,2020-25,1.4729950900163666
General Motors,0.0,Até 1999,2.2988505747126435
General Motors,3.5931614024920315,Total,1.5198012567587316
GlobalFoundries,0.0,2005-09,0.0
GlobalFoundries,2.457627118644068,2010-14,1.3162335470806614
GlobalFoundries,2.3677776347960364,2015-19,0.7540340823405217
GlobalFoundries,2.8779739063699155,2020-25,0.6872852233676976
GlobalFoundries,2.4856896416529444,Total,0.9167842031029618
Google,0.0,2000-04,0.0
Google,0.8379888268156425,2005-09,0.46511627906976744
Google,2.1383354240205374,2010-14,0.7760438633487979
Google,2.3223931903748567,2015-19,0.9364784874988957
Google,2.16007140731925,2020-25,1.4132005781275092
Google,2.217383879781421,Total,0.8738772090485748
HP,2.3977433004231314,2000-04,1.808046534173534
HP,2.249893872930522,2005-09,1.5574493094328532
HP,2.4165707710011506,2010-14,1.888162672476398
HP,2.0508247882300488,2015-19,1.5254237288135595
HP,3.4334763948497855,2020-25,0.0
HP,1.866666666666667,Até 1999,1.024783017881418
HP,2.3884839316004216,Total,1.6130281853820287
Hitachi,1.5495025281357038,2000-04,1.1768738574040218
Hitachi,1.0816575258988421,2005-09,1.091759812841175
Hitachi,1.845940319222762,2010-14,1.3205282112845138
Hitachi,1.8412698412698412,2015-19,1.2678288431061806
Hitachi,3.4653465346534658,2020-25,3.023758099352052
Hitachi,2.1834061135371177,Até 1999,1.7287174177283573
Hitachi,1.7160383585044843,Total,1.3637332196888983
Hon Hai,0.21505376344086022,2000-04,0.0
Hon Hai,0.4574565416285453,2005-09,7.290922087205147
Hon Hai,1.002338790511193,2010-14,1.2004175365344467
Hon Hai,1.5948963317384368,2015-19,0.3952569169960474
Hon Hai,6.390977443609022,2020-25,0.0
Hon Hai,0.0,Até 1999,0.5813953488372093
Hon Hai,1.1521580102414046,Total,2.5584206285253828
Honda,3.783783783783784,2000-04,1.3953488372093024
Honda,6.22568093385214,2005-09,2.4582967515364356
Honda,3.189368770764119,2010-14,2.666043030869972
Honda,4.532019704433497,2015-19,1.841620626151013
Honda,2.642159678345778,2020-25,4.736842105263158
Honda,1.5625,Até 1999,1.3530135301353015
Honda,3.711418291990153,Total,2.2038844721747006
Honeywell,2.898550724637681,2000-04,3.9067055393586005
Honeywell,4.084967320261438,2005-09,3.800170794192997
Honeywell,3.6440867426782915,2010-14,3.565533179267085
Honeywell,2.547033285094067,2015-19,1.3708019191226868
Honeywell,2.601021830004645,2020-25,1.9830028328611897
Honeywell,0.0,Até 1999,4.218600191754554
Honeywell,3.0529507156454914,Total,3.369882305603058
Huawei,0.0,2005-09,0.0
Huawei,1.3725490196078431,2010-14,1.6107382550335572
Huawei,2.391304347826087,2015-19,3.389830508474576
Huawei,2.735810534912209,2020-25,3.337041156840934
Huawei,2.549614112458655,Total,2.851782363977486
IBM,2.105483685120201,2000-04,1.3333447734429296
IBM,2.0031421838177534,2005-09,1.2851438461643294
IBM,2.0429339320949853,2010-14,1.8116614993356288
IBM,2.134717820780797,2015-19,1.9498544379499445
IBM,2.656428523422273,2020-25,1.610984971348254
IBM,1.8047882136279927,Até 1999,1.6349647360547126
IBM,2.219397126382222,Total,1.545548886159329
Infineon,1.420345489443378,2000-04,1.630837657524092
Infineon,1.6936104695919936,2005-09,0.9782070331847449
Infineon,1.4990413107896112,2010-14,0.9587976159626846
Infineon,2.0952856073833876,2015-19,1.2588116817724069
Infineon,1.4480408858603067,2020-25,1.3761467889908259
Infineon,0.0,Até 1999,0.0
Infineon,1.6535987133092078,Total,1.1868221812973194
Intel,1.6668962667034029,2000-04,1.2484783285677887
Intel,2.347255781843286,2005-09,1.1460571726248616
Intel,1.515010688725718,2010-14,1.0161625860137622
Intel,1.850195376865496,2015-19,1.1638406742249423
Intel,1.593559364236212,2020-25,1.7447373411720084
Intel,0.9574468085106382,Até 1999,0.6495756106010739
Intel,1.7897716454475063,Total,1.0990743806865666
Kioxia,1.630695443645084,2015-19,0.5390835579514826
Kioxia,0.9225446857582165,2020-25,1.2944983818770228
Kioxia,1.1251372118551044,Total,0.8087810514153668
LG Electronics,2.6881720430107525,2000-04,1.6865079365079365
LG Electronics,3.103448275862069,2005-09,1.1353711790393013
LG Electronics,4.536679536679537,2010-14,0.43186180422264875
LG Electronics,1.177536231884058,2015-19,0.4550625711035267
LG Electronics,2.3660067600193146,2020-25,2.4505183788878417
LG Electronics,0.0,Até 1999,2.479338842975207
LG Electronics,2.643171806167401,Total,1.0363943118823813
Lam Research,0.8688783570300158,2000-04,0.784966698382493
Lam Research,5.5805580558055805,2005-09,0.15822784810126583
Lam Research,4.6486775313919315,2010-14,0.2324230098779779
Lam Research,1.1759720309354804,2015-19,0.10536174198080075
Lam Research,1.8887187340479834,2020-25,0.35842293906810035
Lam Research,0.0,Até 1999,0.4136029411764706
Lam Research,2.274436090225564,Total,0.30374154355929867
Meta,0.42243604787608546,2010-14,1.865222623345367
Meta,0.8339216378397459,2015-19,2.461103253182461
Meta,1.624608828816832,2020-25,1.1817091967802706
Meta,1.0752431813847034,Total,1.8765659354706754
Micron,1.4522320350038924,2000-04,0.5078531790753077
Micron,1.5736849731922908,2005-09,0.7451564828614009
Micron,2.504422821760283,2010-14,0.919926405887529
Micron,2.307262916330708,2015-19,0.5037783375314862
Micron,1.1002661934338953,2020-25,0.18713450292397663
Micron,1.1819484240687679,Até 1999,0.3841760980168207
Micron,1.802724795640327,Total,0.5610168745322238
Microsoft,3.5798816568047336,2000-04,0.9268690160928907
Microsoft,2.1659986025815465,2005-09,1.5981810393119584
Microsoft,3.152122285072758,2010-14,1.2627071159849517
Microsoft,3.1864875543263533,2015-19,1.4177621522470192
Microsoft,2.3985523985523987,2020-25,1.2453719286435545
Microsoft,2.710843373493976,Até 1999,1.090416126370388
Microsoft,2.869950502435955,Total,1.3039283668485633
Mitsubishi Electric,2.1156936261381896,2000-04,2.165558470078692
Mitsubishi Electric,3.6350677120456165,2005-09,4.30484693877551
Mitsubishi Electric,5.356017643352237,2010-14,4.391534391534392
Mitsubishi Electric,4.050199657729606,2015-19,3.7282020444978956
Mitsubishi Electric,2.7309703660662406,2020-25,4.658385093167702
Mitsubishi Electric,1.421188630490956,Até 1999,0.9840367373715285
Mitsubishi Electric,3.1352533722201965,Total,1.9905986185725248
Motorola,3.9951937518774407,2000-04,1.9856316104569944
Motorola,3.508771929824561,2005-09,0.43792840822543794
Motorola,1.3745704467353952,2010-14,1.1437908496732025
Motorola,3.285420944558522,2015-19,0.4796163069544364
Motorola,2.7306967984934087,2020-25,2.4390243902439024
Motorola,2.1333333333333333,Até 1999,1.4583409099174456
Motorola,3.315061341686244,Total,1.546019093521179
NEC,2.2906793048973144,2000-04,1.6255661801711123
NEC,2.318578741342969,2005-09,1.2520253351008985
NEC,2.2200457068233757,2010-14,2.5705329153605017
NEC,5.0,2015-19,5.0113895216400905
NEC,3.5187287173666286,2020-25,5.263157894736842
NEC,1.596169193934557,Até 1999,1.1829533390627371
NEC,2.7234519473241807,Total,1.5957653081009813
NVIDIA,0.0,2000-04,0.26084121291164003
NVIDIA,1.051779935275081,2005-09,0.4638065264204075
NVIDIA,2.0019651191353476,2010-14,0.7112375533428165
NVIDIA,2.0620892816677996,2015-19,1.341991341991342
NVIDIA,3.4707967904459784,2020-25,1.2404961984793916
NVIDIA,0.0,Até 1999,0.0
NVIDIA,2.229665071770335,Total,0.7051539299432437
Nikon,0.9853603603603603,2000-04,1.4511083006057377
Nikon,1.7162471395881007,2005-09,0.28447121820615795
Nikon,0.3983111606787222,2010-14,1.738443303042276
Nikon,0.45925118704755974,2015-19,1.694915254237288
Nikon,0.5924950625411455,2020-25,3.3333333333333335
Nikon,0.0,Até 1999,0.7912584777694046
Nikon,0.5905511811023622,Total,1.0837944213108208
Nokia,3.625377643504532,2000-04,0.8045227223309415
Nokia,1.0455563853622107,2005-09,0.35000729181857954
Nokia,1.5635179153094463,2010-14,0.769421692727724
Nokia,3.739262253663466,2015-19,1.914580265095729
Nokia,2.596053997923157,2020-25,2.6726057906458798
Nokia,0.0,Até 1999,2.9350104821802936
Nokia,2.410613169390066,Total,0.8104001350666891
Oracle,1.0869565217391304,2000-04,1.0796915167095116
Oracle,0.7340241796200345,2005-09,0.36710719530102787
Oracle,0.8014247551202136,2010-14,1.4365064163953267
Oracle,0.6047411707789065,2015-19,0.4565303691941246
Oracle,0.6018982946214986,2020-25,0.49019607843137253
Oracle,0.0,Até 1999,0.5595523581135092
Oracle,0.6654262196852629,Total,0.9010781459038325
Panasonic,1.4354066985645932,2000-04,1.3191131069323605
Panasonic,1.7061611374407581,2005-09,2.2106631989596877
Panasonic,2.099737532808399,2010-14,1.5604890604890604
Panasonic,3.0340557275541795,2015-19,2.324680356450988
Panasonic,2.7788649706457926,2020-25,3.9334341906202726
Panasonic,3.731343283582089,Até 1999,1.5170278637770898
Panasonic,2.446334548400162,Total,1.7782088587132234
Philips,6.1382598331346845,2000-04,2.6548672566371683
Philips,9.523809523809524,2005-09,4.336
Philips,17.71771771771772,2010-14,4.472140762463344
Philips,14.472863381160325,2015-19,4.21179302045728
Philips,9.432902863559796,2020-25,2.26928895612708
Philips,4.046242774566474,Até 1999,3.6393519605541207
Philips,10.963812253672518,Total,3.4735666418466122
Qualcomm,1.7045454545454544,2000-04,1.694915254237288
Qualcomm,1.3054830287206265,2005-09,1.0248901903367496
Qualcomm,3.3956439718744638,2010-14,1.9900497512437811
Qualcomm,4.210689869484152,2015-19,2.4813479755218375
Qualcomm,3.070372030479606,2020-25,1.4725568942436411
Qualcomm,16.666666666666664,Até 1999,1.2422360248447204
Qualcomm,3.733670459334176,Total,2.111978444347585
Red Hat,0.0,2005-09,0.0
Red Hat,0.9416195856873822,2010-14,1.435810810810811
Red Hat,0.6552262090483619,2015-19,2.623906705539359
Red Hat,1.9005030743432085,2020-25,2.1875
Red Hat,1.2595419847328244,Total,1.9571487433044912
Renesas,0.8,2000-04,0.6606765327695561
Renesas,0.771035869929601,2005-09,0.767030681227249
Renesas,0.8787346221441126,2010-14,0.7445323406235459
Renesas,0.3180661577608142,2015-19,1.0997643362136684
Renesas,0.7611798287345386,2020-25,2.1052631578947367
Renesas,0.7093549154963105,Total,0.7700385019250963
Ricoh,1.7307692307692308,2000-04,0.8620689655172413
Ricoh,1.9644527595884003,2005-09,0.9763313609467454
Ricoh,0.9086672879776329,2010-14,1.3560804899387575
Ricoh,1.8794914317302378,2015-19,2.091254752851711
Ricoh,1.36986301369863,2020-25,1.2698412698412698
Ricoh,2.547770700636943,Até 1999,1.7697355339033605
Ricoh,1.49290259422418,Total,1.3481269386781198
SAP,0.0,2000-04,0.22026431718061676
SAP,1.6415868673050615,2005-09,0.3798882681564246
SAP,0.7345895879910571,2010-14,0.3227149698105351
SAP,0.8066684592632428,2015-19,0.3841229193341869
SAP,0.7782101167315175,2020-25,0.8097165991902834
SAP,0.8275493860117458,Total,0.36324422498439185
SK Hynix,1.7554125219426564,2000-04,1.0180995475113122
SK Hynix,1.5772870662460567,2005-09,0.4979888910170465
SK Hynix,0.8678881388621021,2010-14,1.0466222645099905
SK Hynix,1.6450648055832504,2015-19,0.6478781988986071
SK Hynix,1.5126737530662304,2020-25,1.4705882352941175
SK Hynix,3.0303030303030303,Até 1999,1.3640792465086067
SK Hynix,1.4611193660227835,Total,0.92246613731901
STATS ChipPAC,0.5636070853462157,2005-09,0.34071550255536626
STATS ChipPAC,0.8889679082585119,2010-14,0.6483371353103614
STATS ChipPAC,0.9925949267370411,2015-19,0.4
STATS ChipPAC,2.0408163265306123,2020-25,0.0
STATS ChipPAC,0.9666917104933633,Total,0.5513113333858392
STMicroelectronics,1.9329164297896533,2000-04,0.9674763277068753
STMicroelectronics,1.6499705362404242,2005-09,1.5273652948663556
STMicroelectronics,3.8841342988808423,2010-14,2.079002079002079
STMicroelectronics,2.73224043715847,2015-19,3.2805429864253397
STMicroelectronics,4.326689353427322,2020-25,2.3041474654377883
STMicroelectronics,0.40816326530612246,Até 1999,0.720515737580584
STMicroelectronics,2.865927308663665,Total,1.3391416585995484
Salesforce,0.0,2005-09,0.0
Salesforce,2.369077306733167,2010-14,0.15957446808510636
Salesforce,2.55426601272277,2015-19,0.5884825556956704
Salesforce,2.476198259306174,2020-25,0.9253903990746095
Salesforce,2.499689608078467,Total,0.5366726296958855
Samsung,2.205276174773289,2000-04,0.9267095463777929
Samsung,2.0813722413973434,2005-09,1.0170253413496655
Samsung,3.0284086962561645,2010-14,1.1856770215793218
Samsung,2.875161049705025,2015-19,1.25550954988647
Samsung,2.6453923556498835,2020-25,2.0477312905126692
Samsung,0.9394572025052191,Até 1999,1.1381959594043443
Samsung,2.6733194683709263,Total,1.164154595038414
SanDisk,0.0,2000-04,0.8761816924141111
SanDisk,0.5214368482039398,2005-09,0.1546551190844417
SanDisk,1.0148217385498732,2010-14,0.572475383558507
SanDisk,1.0267928766244183,2015-19,0.7243289305496379
SanDisk,1.371136416453637,2020-25,0.9082652134423252
SanDisk,0.0,Até 1999,0.34818941504178275
SanDisk,0.9261813739013913,Total,0.4954357493953343
Seiko Epson,3.7037037037037033,2000-04,2.984683859143867
Seiko Epson,2.4480942051440966,2005-09,1.3913384283754655
Seiko Epson,3.080229226361032,2010-14,1.6802906448683013
Seiko Epson,1.5463917525773196,2015-19,3.263707571801567
Seiko Epson,3.616636528028933,2020-25,0.0
Seiko Epson,0.9950248756218906,Até 1999,0.4909983633387889
Seiko Epson,2.806014400677679,Total,1.995435970917582
Semiconductor Energy Lab,0.38830516217450894,2000-04,5.8089105007228286
Semiconductor Energy Lab,0.8580427935266646,2005-09,1.996007984031936
Semiconductor Energy Lab,2.2180205075994475,2010-14,1.3630463003028992
Semiconductor Energy Lab,2.042545180722892,2015-19,1.5044663845792194
Semiconductor Energy Lab,1.824514844916238,2020-25,0.4784688995215311
Semiconductor Energy Lab,0.6644518272425249,Até 1999,1.217145881107779
Semiconductor Energy Lab,1.6415868673050615,Total,2.504653365117722
Sharp,4.1042706600110925,2000-04,3.289473684210526
Sharp,3.5340965654554504,2005-09,1.5487504399859204
Sharp,2.0255271920088793,2010-14,2.2396416573348263
Sharp,3.2846715328467155,2015-19,1.5228426395939088
Sharp,3.4482758620689653,2020-25,0.0
Sharp,2.1604938271604937,Até 1999,2.714723926380368
Sharp,2.9460093896713615,Total,2.689972401103956
Shin-Etsu,1.5759312320916905,2000-04,2.4092297251442143
Shin-Etsu,1.1732851985559567,2005-09,0.8786381109280615
Shin-Etsu,0.9564293304994688,2010-14,1.4157973174366618
Shin-Etsu,1.1363636363636365,2015-19,1.2237762237762237
Shin-Etsu,1.1916583912611718,2020-25,0.641025641025641
Shin-Etsu,0.0,Até 1999,3.5278154681139755
Shin-Etsu,1.1266336187471835,Total,1.9971126082771895
Siemens,7.401315789473683,2000-04,2.8255393713722485
Siemens,10.259579728059332,2005-09,3.411350772525623
Siemens,11.802422227499406,2010-14,4.236078058067587
Siemens,6.389530408006158,2015-19,3.3808647654093837
Siemens,6.406504065040651,2020-25,5.109489051094891
Siemens,6.341463414634147,Até 1999,3.567971234960586
Siemens,8.789552988448015,Total,3.5381195098145537
Snap,0.0,2010-14,0.0
Snap,2.585393470466126,2015-19,0.04677268475210477
Snap,1.5594541910331383,2020-25,0.3349044902009427
Snap,1.6250830665136229,Total,0.15209475964419045
Sony,3.517847904811174,2000-04,2.872179609204412
Sony,3.9197091828670776,2005-09,2.3564847625797305
Sony,3.5315813739050252,2010-14,1.786711334450028
Sony,3.3344992421592634,2015-19,1.6534503121309263
Sony,2.939440443867312,2020-25,1.806322127446061
Sony,1.5151515151515151,Até 1999,1.9532908704883227
Sony,3.386155990295772,Total,2.2379968149628975
Sumitomo Electric,2.6374859708193044,2000-04,2.3422860712054967
Sumitomo Electric,2.74077868852459,2005-09,1.5628938744643308
Sumitomo Electric,5.91016548463357,2010-14,4.651162790697675
Sumitomo Electric,9.146341463414634,2015-19,2.6548672566371683
Sumitomo Electric,3.1161473087818696,2020-25,0.0
Sumitomo Electric,2.73972602739726,Até 1999,2.963875205254516
Sumitomo Electric,3.093691511615105,Total,2.39538948978477
TSMC,2.7352653858677956,2000-04,0.8354042193200444
TSMC,2.589641434262948,2005-09,1.4982293652955598
TSMC,2.2918861959957852,2010-14,0.5222495575985152
TSMC,1.5148600557853227,2015-19,0.18146787346536428
TSMC,0.7563571119222917,2020-25,0.436046511627907
TSMC,2.292576419213974,Até 1999,0.9314703925482368
TSMC,1.3686502177068214,Total,0.5261350877355777
Tencent,0.0,2005-09,0.0
Tencent,0.8130081300813009,2010-14,0.30303030303030304
Tencent,2.0618556701030926,2015-19,0.8302583025830259
Tencent,4.911032028469751,2020-25,3.6308623298033282
Tencent,3.005323716297441,Total,1.0212531051614684
Texas Instruments,2.1145610278372593,2000-04,1.192805000238561
Texas Instruments,2.0637898686679175,2005-09,1.4163372859025032
Texas Instruments,1.3167520117044622,2010-14,1.580581428168219
Texas Instruments,2.996422182468694,2015-19,1.497695852534562
Texas Instruments,2.744097000638162,2020-25,0.9523809523809524
Texas Instruments,2.256944444444444,Até 1999,1.8235402468226192
Texas Instruments,2.2637461894546687,Total,1.4657383657017222
Tokyo Electron,1.1231448054552748,2000-04,0.36817788045047645
Tokyo Electron,0.7938210684402489,2005-09,0.5616316878510198
Tokyo Electron,0.9108769423111269,2010-14,0.266466816554251
Tokyo Electron,1.5573227302849568,2015-19,0.24641922069921451
Tokyo Electron,1.3851891315929674,2020-25,0.834326579261025
Tokyo Electron,0.6369426751592357,Até 1999,0.33067661522808206
Tokyo Electron,1.0938051313070214,Total,0.3536026896991479
Toshiba,2.262443438914027,2000-04,1.6565625362011043
Toshiba,1.6236985622211204,2005-09,1.6463670726585469
Toshiba,2.204044535332879,2010-14,1.3357619914996965
Toshiba,4.087287842050571,2015-19,2.4143739472206627
Toshiba,2.4287716020551144,2020-25,2.9850746268656714
Toshiba,2.1505376344086025,Até 1999,1.3002505069784087
Toshiba,2.4290837952396482,Total,1.539122621977421
Toyota,0.9259259259259258,2000-04,1.5317286652078774
Toyota,1.7647058823529411,2005-09,4.584527220630372
Toyota,3.5506402793946448,2010-14,3.389830508474576
Toyota,6.262875978574371,2015-19,3.625377643504532
Toyota,4.0179525539645224,2020-25,2.017543859649123
Toyota,2.7027027027027026,Até 1999,0.825082508250825
Toyota,4.442499179341285,Total,2.984066972724818
VMware,0.0,2000-04,3.2586558044806515
VMware,0.0,2005-09,0.4028197381671702
VMware,0.2912621359223301,2010-14,3.0548250050576575
VMware,0.4537205081669692,2015-19,2.8726532458719745
VMware,0.24313313181758442,2020-25,0.15817779183802594
VMware,0.279770079861641,Total,2.08481249596592
Verizon,18.75,2000-04,3.2948929159802307
Verizon,1.1976047904191618,2005-09,0.45731707317073167
Verizon,1.0736944851146901,2010-14,0.8019911504424779
Verizon,2.4451939291736933,2015-19,0.777511961722488
Verizon,2.9662261380323054,2020-25,1.6051364365971106
Verizon,2.3497579037311307,Total,0.996168582375479
Winbond,2.3510466988727856,2000-04,0.7052501959028322
Winbond,1.2221423436376708,2005-09,0.9970089730807578
Winbond,2.127013065937405,2010-14,0.9259259259259258
Winbond,2.0678246484698097,2015-19,0.8274231678486997
Winbond,2.6062550120288694,2020-25,0.3412969283276451
Winbond,3.870967741935484,Até 1999,0.7631160572337042
Winbond,2.2124817365894387,Total,0.756829609662537
Xerox,3.671071953010279,2000-04,2.327773065686552
Xerox,2.644778841769266,2005-09,1.5391285497507046
Xerox,3.031511767052254,2010-14,2.788289185421231
Xerox,2.5625,2015-19,2.4771838331160363
Xerox,1.9064124783362217,2020-25,3.389830508474576
Xerox,3.0927835051546393,Até 1999,1.1824324324324325
Xerox,2.874695722730961,Total,1.8323820967257436
